4.49153249850915;-0.7920691711373212;4.357125819916333;-0.7197376267106403;0
4.357125819916333;-0.7197376267106403;4.264042933810262;-0.8181276088231244;1
4.264042933810262;-0.8181276088231244;4.411866428145498;-0.8688729874753172;0
4.411866428145498;-0.8688729874753172;4.49153249850915;-0.7920691711373212;1
11.546869409660001;1.8178294573676614;11.834466308884704;1.8279666070395229;0
11.834466308884704;1.8279666070395229;11.90322003577799;1.9939773404915948;1
11.90322003577799;1.9939773404915948;11.75044722719127;2.092188431725423;0
11.75044722719127;2.092188431725423;11.515384615384399;2.054203935602385;0
11.515384615384399;2.054203935602385;11.448062015503675;1.924865831842586;0
11.448062015503675;1.924865831842586;11.546869409660001;1.8178294573676614;1
-11.490816935003249;-2.6412045319011352;-11.86440071556356;-2.565533691115249;1
-11.86440071556356;-2.565533691115249;-12.007871198569015;-2.775372689325324;1
-12.007871198569015;-2.775372689325324;-11.895527728086089;-2.8813357185452615;0
-11.895527728086089;-2.8813357185452615;-11.612760882528425;-2.8948717948692138;0
-11.612760882528425;-2.8948717948692138;-11.467441860465241;-2.780441264161255;1
-11.467441860465241;-2.780441264161255;-11.490816935003249;-2.6412045319011352;1
-11.431544424567766;-4.226833631480962;-11.727131782945882;-4.204174120451487;0
-11.727131782945882;-4.204174120451487;-11.867024448420059;-4.378115682764086;1
-11.867024448420059;-4.378115682764086;-11.671377459749584;-4.526475849729729;1
-11.671377459749584;-4.526475849729729;-11.451937984496201;-4.500119260583737;1
-11.451937984496201;-4.500119260583737;-11.343709004174164;-4.38568872987154;0
-11.343709004174164;-4.38568872987154;-11.431544424567766;-4.226833631480962;1
-11.557304710793112;-5.216159809182097;-11.725521765056781;-5.298270721523327;1
-11.725521765056781;-5.298270721523327;-11.710852713178335;-5.418723911744907;1
-11.710852713178335;-5.418723911744907;-11.529039952295975;-5.482289803219141;0
-11.529039952295975;-5.482289803219141;-11.359093619558758;-5.411687537269184;0
-11.359093619558758;-5.411687537269184;-11.362492546213497;-5.2822898032165;1
-11.362492546213497;-5.2822898032165;-11.557304710793112;-5.216159809182097;1
-1.4260584376865413;-5.3621943947506345;-1.5637447823496509;-5.523136553366776;1
-1.5637447823496509;-5.523136553366776;-1.4274895646991048;-5.6844364937359915;1
-1.4274895646991048;-5.6844364937359915;-1.2265354800240706;-5.7098389982085305;1
-1.2265354800240706;-5.7098389982085305;-1.0113297555160214;-5.596362552174025;1
-1.0113297555160214;-5.596362552174025;-0.996779964222023;-5.4804412641608815;1
-0.996779964222023;-5.4804412641608815;-1.1234347048300546;-5.363565891470048;0
-1.1234347048300546;-5.363565891470048;-1.4260584376865413;-5.3621943947506345;1
-11.75396541443072;-2.5455575432317152;-11.862075134168311;-1.1562909958224228;0
-11.344186046511684;-4.328861061417078;-7.909838998211355;-3.909063804411157;0
-9.999224806201623;-4.164460345855961;-9.757722122838613;-5.025879546809595;0
-9.190161001789019;-4.065533691111746;-8.945617173524344;-4.977519379843154;1
-11.862075134168311;-1.1562909958224228;-11.958378056052585;0.009958258797442653;0
-11.98867024448425;0.38133571854827475;-12.133512224210179;2.208884913537601;1
-12.133512224210179;2.208884913537601;-12.914728682170812;6.824150268339682;0
-12.914728682170812;6.824150268339682;-12.873285629099621;7.022420989865598;0
-12.873285629099621;7.022420989865598;-12.558913495001818;7.164881761288437;1
-12.505426356589298;0.1305307096005566;-14.209540846750384;-0.050149075727576986;0
-14.209540846750384;-0.050149075727576986;-14.96189624329165;0.23136553369167806;1
-14.96189624329165;0.23136553369167806;-15.902325581395408;0.16219439475402095;1
-15.902325581395408;0.16219439475402095;-16.47781753130606;0.25307096004769974;1
4.945974955277049;4.810435301136096;5.2072748956467905;4.728503279669283;0
-4.7280858676209405;6.285271317831595;-6.6938580799048415;6.385986881336946;1
-12.837090041741426;6.401252236137623;-12.70157791302083;6.414016403293572;1
-4.631067382230253;6.0272510435337345;-4.575372689326311;6.114132379250707;1
-11.724150268336572;-3.293798449611033;-15.071377459749712;-3.768813357184699;0
-15.071377459749712;-3.768813357184699;-16.202504472272196;-3.8327966607006547;1
5.46803816338692;4.621109123437047;5.677340488968178;4.536195587359868;0
-13.539355992844557;-4.17096004770419;-13.646750149076;-3.7756112104931177;1
-11.652295766249532;-5.459212880139468;-11.52593917710222;-5.594275491948462;1
-11.52593917710222;-5.594275491948462;-11.48497316636855;-6.160286225401577;1
-11.48497316636855;-6.160286225401577;-11.616517590936239;-6.359212880140756;0
-11.288372093023296;-6.364579606436877;-11.408228980322114;-6.183899821108743;1
-11.408228980322114;-6.183899821108743;-11.41842576028633;-5.4567084078679455;0
-11.436970781157036;-5.233333333329681;-11.520810971973933;-4.692248062014497;1
-11.520810971973933;-4.692248062014497;-11.451937984496201;-4.500119260583737;0
-11.671377459749584;-4.526475849729729;-11.571973762671556;-4.820274299343531;0
-11.571973762671556;-4.820274299343531;-11.65211687537273;-5.238700059630038;0
-11.507215265354978;-4.196601073344033;-11.658318425760505;-3.488908765652161;0
-11.895527728086089;-2.8813357185452615;-11.735241502683477;-3.0441264162196613;0
-11.735241502683477;-3.0441264162196613;-11.706320810972016;-3.366785927250978;1
-9.37781753130608;-1.631842576027819;-9.148837209302538;-2.4104949314227215;1
-6.154084675015126;-0.38992248061782997;-6.229039952295922;-0.5203935599255013;1
-6.229039952295922;-0.5203935599255013;-6.049254621347828;-0.5246869409623974;0
-6.049254621347828;-0.5246869409623974;-6.023375074538032;-0.4394156231363799;0
-6.023375074538032;-0.4394156231363799;-6.154084675015126;-0.38992248061782997;1
-6.516636851520625;0.9357185450243443;-6.616756112105067;0.8280262373319187;1
-6.616756112105067;0.8280262373319187;-6.418962432916143;0.8113297555189425;1
-6.418962432916143;0.8113297555189425;-6.4084078711985875;0.8965414430563118;0
-6.4084078711985875;0.8965414430563118;-6.516636851520625;0.9357185450243443;0
-9.1589743589744;0.6009540846771367;-9.21276088252852;0.49880739415948716;1
-9.21276088252852;0.49880739415948716;-9.046869409660365;0.5050685748361755;1
-9.046869409660365;0.5050685748361755;-9.06523553965427;0.5857483601693445;1
-9.06523553965427;0.5857483601693445;-9.1589743589744;0.6009540846771367;1
-2.8979129397735264;-0.056768038161576995;-2.759689922480805;-0.14031007751934343;1
-2.759689922480805;-0.14031007751934343;-2.652057245080735;-0.05068574835930749;1
-2.652057245080735;-0.05068574835930749;-2.7653548002387036;0.021228384021413457;0
-2.7653548002387036;0.021228384021413457;-2.8979129397735264;-0.056768038161576995;1
-7.664579606440267;-4.800477042334416;-8.191949910554696;-2.884376863444278;0
-11.862075134168311;-1.1562909958224228;-6.254442456768197;-0.4868813357180153;0
-6.023375074538032;-0.4394156231363799;-2.894692903995325;-0.07823494335029457;0
-1.3293977340489287;-5.337745974951549;-1.4867024448422324;-4.722957662490271;0
-11.468932617769896;0.26559332140955044;-9.231604054859945;0.5298151460954504;1
-9.03518187239123;0.5496720333932135;-6.616756112105067;0.8280262373319187;0
-9.543231961836714;2.019618366131438;-9.1589743589744;0.6009540846771367;1
-11.16487775790111;0.30155038759991093;-11.253011329755697;0.7011329755549942;0
-11.253011329755697;0.7011329755549942;-10.404591532498522;0.8036374478257184;0
-10.404591532498522;0.8036374478257184;-10.217829457364411;0.4133571854505768;0
-11.241860465116439;0.6587954680979378;-11.46189624329179;0.6413834227788122;1
-11.46189624329179;0.6413834227788122;-11.32880143112709;0.7761478831276166;1
-11.32880143112709;0.7761478831276166;-11.253011329755697;0.7011329755549942;0
-10.825879546809892;0.7509242695294964;-10.859630292188655;0.9027429934443518;1
-8.563506261180741;-1.5350029815134043;-10.288073941562352;-1.7399522957662046;0
-10.288073941562352;-1.7399522957662046;-10.453846153846325;-1.825879546809723;0
3.5188431723315485;2.1870602265958086;3.3939773404888904;2.1195587358377543;0
3.3939773404888904;2.1195587358377543;3.3898032200356463;2.0075134168155473;0
3.3898032200356463;2.0075134168155473;3.5485986881333393;1.9303518187244766;0
3.5485986881333393;1.9303518187244766;3.7344663088847634;1.984615384618768;0
3.7344663088847634;1.984615384618768;3.7255217650565724;2.1443649373899145;0
3.7255217650565724;2.1443649373899145;3.5188431723315485;2.1870602265958086;0
-6.4751937984496974;0.7859272510464035;-6.154084675015126;-0.38992248061782997;0
-6.516636851520625;0.9357185450243443;-6.637745974955469;1.1824090638053482;1
-6.637745974955469;1.1824090638053482;-8.941741204532084;2.049493142519529;0
-8.941741204532084;2.049493142519529;-12.092844364937491;1.7153249850927001;1
-12.092844364937491;1.7153249850927001;-14.992903995229732;1.373583780562655;1
-14.992903995229732;1.373583780562655;-15.05760286225422;1.490339892667718;0
-15.05760286225422;1.490339892667718;-12.47465712582011;1.848240906383246;1
-12.47465712582011;1.848240906383246;-12.380381633870103;1.6848539057842304;0
-15.407930828861234;1.775491949910605;-15.407930828861234;1.775491949910605;1
-15.407930828861234;1.775491949910605;-12.133512224210179;2.208884913537601;0
-11.849016100178966;-0.9432915921275609;-11.761001788908827;-0.8723315444245303;1
-11.761001788908827;-0.8723315444245303;-11.89057841383434;0.016219439478367986;1
-11.940131186642862;-0.20721526535278192;-12.026893261777241;-0.28491353607558295;0
-12.026893261777241;-0.28491353607558295;-11.960584376863652;-0.8992844364909016;1
-11.960584376863652;-0.8992844364909016;-11.849016100178966;-0.9432915921275609;0
-11.16487775790111;0.30155038759991093;-11.086940966011005;-0.04388789505088864;0
-11.086940966011005;-0.04388789505088864;-11.604472271914291;-0.12331544424194081;0
-14.658855098390262;-0.10745378652088448;-14.054740608229132;-2.258199165173258;0
-14.716279069767486;0.14186046511741268;-14.658855098390262;-0.10745378652088448;0
-14.658855098390262;-0.10745378652088448;-14.588849135360949;-0.0171138938546992;0
-14.588849135360949;-0.0171138938546992;-14.377936791890326;-0.026535480020411343;1
0.31258199165154615;1.705903398926988;0.19994036970763632;1.7331544424577856;0
0.19994036970763632;1.7331544424577856;0.10149075730465035;1.650387596899054;0
0.10149075730465035;1.650387596899054;0.2319618366128513;1.5775193798448794;1
0.2319618366128513;1.5775193798448794;0.31258199165154615;1.705903398926988;1
-6.393559928443869;0.859033989267882;0.10149075730465035;1.650387596899054;1
0.3353011329754955;1.6776386404298516;3.3754919499105407;2.0388789505088223;1
-9.999224806201623;-4.164460345855961;-10.44919499105556;-2.5648777578977477;0
-9.148837209302538;-2.4104949314227215;-8.992844364937616;-2.9846750149079058;1
-8.992844364937616;-2.9846750149079058;-10.28759689922483;-3.1392963625502364;0
-7.561001788908994;-2.8134764460341324;-7.164698867024469;-4.225521765054434;0
-7.164698867024469;-4.225521765054434;-9.884973166368614;-4.572093023253106;0
-14.497257006559533;-0.6894454382808264;-14.806380441264249;-0.7388193202136057;0
-14.806380441264249;-0.7388193202136057;-15.210733452594013;-1.0921288014278112;1
-15.210733452594013;-1.0921288014278112;-15.131305903398989;-1.5487179487160125;1
-15.131305903398989;-1.5487179487160125;-15.247525342874441;-1.7152057245069297;0
-15.247525342874441;-1.7152057245069297;-15.174001192605942;-2.1855694692906247;1
-15.174001192605942;-2.1855694692906247;-15.26714370900437;-2.3855694692890275;0
-14.054740608229132;-2.258199165173258;-16.28175313059042;-2.4737626714367646;1
-14.797793679189132;-2.3417412045310244;-14.373345259391916;-2.5200357781734057;0
-14.373345259391916;-2.5200357781734057;-14.367680381634019;-2.7181872391177873;0
-9.754323196183874;0.4680977936794763;-9.830590339892789;0.7301132975582799;1
-9.830590339892789;0.7301132975582799;-11.4028622540252;1.8767441860476866;0
-9.671496720334112;0.4778771615982631;-9.745020870602344;0.7378652355401523;0
-9.745020870602344;0.7378652355401523;-8.8317829457365;1.8152653548032534;0
-8.825819916517617;2.0017889087663523;-8.8317829457365;1.8152653548032534;1
-8.8317829457365;1.8152653548032534;-8.621705426356735;1.9244484198008631;1
-9.407096004770615;1.5088252832460676;-10.268336314847977;1.4010137149678714;1
-10.268336314847977;1.4010137149678714;-10.60900417412065;1.6271317829492;0
-10.60900417412065;1.6271317829492;-10.69153249850943;1.878771615984601;1
-10.046332737030449;1.4301132975569277;-9.966010733452737;1.1230769230793631;0
-9.966010733452737;1.1230769230793631;-9.86940966010748;1.0590339892662852;1
-10.046332737030449;1.4301132975569277;-10.116577221228654;1.6985688729910757;1
-4.4979725700658175;6.270661896244182;-4.69367918902812;6.301192605845537;1
-4.69367918902812;6.301192605845537;-4.765235539654177;6.171437090044014;1
-4.765235539654177;6.171437090044014;-4.575372689326311;6.114132379250707;0
-4.575372689326311;6.114132379250707;-4.4979725700658175;6.270661896244182;1
5.312104949314089;4.878056052475683;5.218008348240884;4.807513416818613;0
5.218008348240884;4.807513416818613;5.276744186046491;4.650447227193408;1
5.276744186046491;4.650447227193408;5.46803816338692;4.621109123437047;0
5.46803816338692;4.621109123437047;5.620691711389194;4.722659511034318;0
5.620691711389194;4.722659511034318;5.568455575432346;4.852295766250069;1
5.568455575432346;4.852295766250069;5.312104949314089;4.878056052475683;0
-11.46469886702456;-2.685450208705099;4.264042933810262;-0.8181276088231244;1
-8.536911150864798;2.145557543234909;-7.569051878354234;2.273762671438362;1
-7.569051878354234;2.273762671438362;-7.5753130590341;2.3444841979740882;0
-7.5753130590341;2.3444841979740882;-8.463208109719762;2.214907573046985;1
-8.463208109719762;2.214907573046985;-8.536911150864798;2.145557543234909;1
-7.5753130590341;2.3444841979740882;-7.385569469290416;2.843887895053954;0
-7.385569469290416;2.843887895053954;-7.465951103160482;3.386225402507018;1
-7.5441264162194805;2.4873583780578397;-7.9292784734647475;2.606738223020196;1
-7.9292784734647475;2.606738223020196;-9.083124627310916;2.492367322600885;1
-9.083124627310916;2.492367322600885;-9.470781156827705;2.6220035778208732;1
-9.470781156827705;2.6220035778208732;-9.293023255814141;2.900834824094187;0
-7.465951103160482;3.386225402507018;-7.372629695885518;3.440369707811302;1
-7.372629695885518;3.440369707811302;-7.407036374478339;3.5461538461568205;1
-7.407036374478339;3.5461538461568205;-7.623792486583398;3.5286225402519245;1
-7.623792486583398;3.5286225402519245;-7.628682170542792;3.43094812164559;1
-7.628682170542792;3.43094812164559;-7.465951103160482;3.386225402507018;0
-7.452415026833882;3.564877757902474;-7.05796064400735;3.6840190816932896;0
-7.05796064400735;3.6840190816932896;-6.634764460345895;4.006917113896147;1
-7.37358378056056;3.63011329755631;-7.475909361956072;4.030888491356388;1
-7.593381037567284;3.550685748361021;-7.950805008944761;3.6930232558172786;1
-7.950805008944761;3.6930232558172786;-8.48342277877166;4.0984496124030905;0
-8.48342277877166;4.0984496124030905;-9.042337507454047;4.282945736437749;1
-9.042337507454047;4.282945736437749;-9.325819916517862;4.224150268339257;1
-9.325819916517862;4.224150268339257;-9.603041144901809;3.9529516994662828;1
-9.603041144901809;3.9529516994662828;-10.079367918903062;3.9515802027468694;1
-9.603041144901809;3.9529516994662828;-9.393202146690674;3.7373881932027757;1
-10.079367918903062;3.9515802027468694;-10.685390578414012;3.9374478234940637;0
-10.685390578414012;3.9374478234940637;-10.079367918903062;3.9515802027468694;1
-11.242695289207033;3.8848539057878497;-11.386285032796934;3.4759689922485877;0
-11.386285032796934;3.4759689922485877;-11.022898032200574;3.156052474660335;1
-11.022898032200574;3.156052474660335;-10.90405485986889;2.953369111511753;0
-10.90405485986889;2.953369111511753;-10.77125819916544;3.0880739415634353;0
-10.77125819916544;3.0880739415634353;-11.022898032200574;3.156052474660335;1
-10.685390578414012;3.9374478234940637;-11.242695289207033;3.8848539057878497;1
-11.242695289207033;3.8848539057878497;-11.320989862850478;4.13524150268537;1
-10.90405485986889;2.953369111511753;-10.695468097793782;2.728801431128494;0
-10.695468097793782;2.728801431128494;-10.09534883720936;2.700834824091547;0
-10.09534883720936;2.700834824091547;-10.087596899224838;3.021168753729997;0
-9.470781156827705;2.6220035778208732;-10.09534883720936;2.700834824091547;0
-10.09534883720936;2.700834824091547;-9.762969588551082;2.522242098988976;0
-9.762969588551082;2.522242098988976;-9.470781156827705;2.6220035778208732;0
-14.497257006559533;-0.6894454382808264;-13.877161598092107;-0.6175313059001054;1
-13.223136553369379;-0.2649373881920494;-13.933214072749122;-0.3812760882511525;0
-13.933214072749122;-0.3812760882511525;-13.829994036970925;-0.7636851520544142;0
-13.829994036970925;-0.7636851520544142;-12.73780560524758;-0.6137149672020545;0
-13.223136553369379;-0.2649373881920494;-13.302623732856494;0.05837805605253153;0
-11.862075134168311;-1.1562909958224228;-12.279427549195065;-1.199642218245818;1
-12.279427549195065;-1.199642218245818;-12.438103756708577;-1.5858676207513676;0
-12.438103756708577;-1.5858676207513676;-12.731007751938103;-2.0859272510402604;1
-12.731007751938103;-2.0859272510402604;-12.76219439475272;-2.374776386403902;0
-12.76219439475272;-2.374776386403902;-12.300655933214095;-1.6605843768595636;1
-11.885211687537426;-1.9359570661879009;-12.596481812761104;-1.857423971377417;1
-12.300655933214095;-1.6605843768595636;-12.457841383422952;-1.6268932617734218;0
-12.279427549195065;-1.199642218245818;-12.398867024448453;-0.8060226595072336;1
-12.398867024448453;-0.8060226595072336;-13.223136553369379;-0.2649373881920494;0
-13.223136553369379;-0.2649373881920494;-13.302623732856494;0.05837805605253153;1
-12.355277280858813;-0.9837805605221215;-13.179606440071831;-1.0844364937388242;0
-14.054740608229132;-2.258199165173258;-13.513536076326853;-2.19099582587963;1
-13.513536076326853;-2.19099582587963;-13.606082289803313;-1.7407871198538876;0
-13.606082289803313;-1.7407871198538876;-13.685867620751411;-1.464519976144982;1
-13.685867620751411;-1.464519976144982;-14.265354800238772;-1.5271317829457614;0
-13.685867620751411;-1.464519976144982;-13.415503875969033;-1.4404889683960935;1
-15.14949314251662;-1.5926058437669013;-14.265354800238772;-1.5271317829457614;1
-14.736314847942845;-1.5871794871778957;-14.635480023852253;-1.9515205724487679;0
-14.635480023852253;-1.9515205724487679;-14.757423971377694;-2.004949314251139;0
-9.455635062612004;-0.8644007155597652;-9.80095408467518;0.46255217650893726;1
4.004054859868637;0.5296362552210316;1.9559928443648495;0.5099582587976874;1
1.9559928443648495;0.5099582587976874;-2.652057245080735;-0.05068574835930749;1
0.2319618366128513;1.5775193798448794;0.5810375670838404;0.33673225999123674;1
0.5810375670838404;0.33673225999123674;1.0139534883719907;-1.2039952295755993;1
3.549791293977275;2.19099582587963;3.5490161001787697;2.386463923673833;0
3.5490161001787697;2.386463923673833;4.811150864639067;4.223315444247337;0
4.811150864639067;4.223315444247337;5.249910554561653;4.512939773405776;1
5.620691711389194;4.722659511034318;5.99540846750135;4.827012522363301;0
-8.955575432319668;-6.44448419797101;-1.5546809779370132;-5.570661896241297;1
-0.996779964222023;-5.4804412641608815;8.788908765652744;-4.3453786523556355;0
5.509838998210922;-4.731902206317137;6.165474060822749;-7.159689922477451;1
-1.2265354800240706;-5.7098389982085305;-0.9601669648181336;-6.6590936195568275;0
-0.9601669648181336;-6.6590936195568275;9.001431127012467;-5.464877757900015;1
9.001431127012467;-5.464877757900015;9.099582587954469;-5.32009540846512;1
9.099582587954469;-5.32009540846512;8.788908765652744;-4.3453786523556355;1
3.3453786523554108;-4.989862850326349;3.6415623136552293;-6.1329755515778945;1
-11.801610017889157;-0.7646392367321048;-11.565295169946525;-0.7601073345236675;0
-11.565295169946525;-0.7601073345236675;-11.549016100178978;-0.5876565295162515;1
-11.549016100178978;-0.5876565295162515;-10.936612999403717;-0.517769827072445;0
-10.936612999403717;-0.517769827072445;-10.826416219439503;-0.8239117471652044;1
-10.826416219439503;-0.8239117471652044;-11.520095408467519;-0.9370304114466355;0
-11.520095408467519;-0.9370304114466355;-11.565295169946525;-0.7601073345236675;1
-11.565295169946525;-0.7601073345236675;-10.643172331544578;-0.6488372093004952;0
-11.23506261180696;-0.551282051279931;-11.138461538461703;-0.8934406678559362;0
-11.736374478235057;-1.569946332733189;-11.337030411449131;-1.5137149672033425;1
-11.337030411449131;-1.5137149672033425;-11.036314847942993;-1.2819916517585899;0
-11.036314847942993;-1.2819916517585899;-7.075372689326211;-1.1184853905780408;0
-7.075372689326211;-1.1184853905780408;-6.6589743589745;-0.9274299344065045;1
-6.6589743589745;-0.9274299344065045;-6.042814549791424;-0.8406082289781807;0
-6.125641025641188;-0.5478234943349548;-5.714013118664423;-2.0026833631469207;1
10.634943351222272;4.570781156830814;7.041502683363002;5.538640429338995;0
3.2922480620153474;3.102981514611038;3.3587954680975645;3.446571258199342;0
3.339475253428619;2.6608228980358315;3.16708407871197;2.7123434704828218;0
3.6435897435897604;3.0282051282057196;3.212760882528232;2.381395348837902;0
3.212760882528232;2.381395348837902;2.84997018485384;2.1627906976753786;1
3.6435897435897604;3.0282051282057196;3.9237924865830167;2.9391174716774144;0
4.6724508050088245;3.227847346455285;4.759451401311832;3.5377459749574474;0
4.759451401311832;3.5377459749574474;4.953667262969479;3.640131186646638;0
4.255098389982071;2.8415026833639647;4.493023255813804;3.1576624925470522;1
4.493023255813804;3.1576624925470522;4.6724508050088245;3.227847346455285;1
3.9237924865830167;2.9391174716774144;4.255098389982071;2.8415026833639647;1
4.255098389982071;2.8415026833639647;3.9390578413834296;2.382051282051166;0
3.9390578413834296;2.382051282051166;3.991771019677798;2.34150268336372;0
5.212581991651614;2.49367918903165;5.133691115086467;2.784794275495273;1
4.255098389982071;2.8415026833639647;4.396720333929531;2.786106141921801;0
4.396720333929531;2.786106141921801;4.5223613595704295;2.5183661299938027;0
4.5223613595704295;2.5183661299938027;4.695229576624865;2.443112701253876;1
4.695229576624865;2.443112701253876;5.360286225402404;2.5155038759692054;1
5.360286225402404;2.5155038759692054;5.743112701252155;2.7036970781161442;1
6.2601669648179215;3.155098389982644;6.453965414430402;2.4039355992858438;0
5.743112701252155;2.7036970781161442;6.3580202742992045;2.772868217058038;1
6.2601669648179215;3.155098389982644;5.926118067978452;3.2864042933822355;1
5.926118067978452;3.2864042933822355;4.990757304710625;3.079904591535603;1
4.990757304710625;3.079904591535603;4.6724508050088245;3.227847346455285;1
3.768455575432154;2.083005366727015;6.921466905187646;2.4598091830668523;0
5.848717948717958;2.3316040548633996;5.911866428145437;2.087298747763911;0
5.743112701252155;2.7036970781161442;5.848717948717958;2.3316040548633996;1
4.740190816934978;1.523434704833481;4.557960644006921;2.177340488969907;0
4.557960644006921;2.177340488969907;4.515146094215786;2.3737626714375635;1
4.515146094215786;2.3737626714375635;4.587895050685514;2.4772808586788635;1
5.967561121049378;1.8719141323790598;5.030232558139376;1.7706618962462155;1
5.030232558139376;1.7706618962462155;4.889087656529437;2.2169350029838997;0
5.967561121049378;1.8719141323790598;5.911866428145437;2.087298747763911;0
3.607811568276467;1.9316040548623565;4.357125819916333;-0.7197376267106403;1
3.072093023255814;1.4884913536094593;3.7122838401906906;1.5619558735840127;1
3.072093023255814;1.4884913536094593;3.004889683959273;1.7492546213503832;1
3.072093023255814;1.4884913536094593;2.2709004174119105;1.4366129994051573;0
2.2709004174119105;1.4366129994051573;2.1399522957661885;1.5134764460360384;1
2.1399522957661885;1.5134764460360384;2.0307692307691085;1.8790697674447905;0
3.6435897435897604;3.0282051282057196;3.2922480620153474;3.102981514611038;1
3.2922480620153474;3.102981514611038;2.646332737030216;2.876088252834912;0
2.646332737030216;2.876088252834912;1.530948121645666;2.7041144901621044;0
1.530948121645666;2.7041144901621044;1.6384615384615542;2.2629099582603507;1
1.6384615384615542;2.2629099582603507;1.8124627310673043;2.205664877759929;1
1.8124627310673043;2.205664877759929;2.2679785330946927;2.2999403697099354;1
2.2679785330946927;2.2999403697099354;2.370602265950923;1.9169350029820578;0
1.9712581991649973;3.357185450210847;2.1246869409657756;2.8051878354205297;0
2.3974358974357606;3.3536076326801005;2.2643410852713255;3.1649970184872016;1
2.2643410852713255;3.1649970184872016;1.950327966606951;3.093858079905515;0
1.950327966606951;3.093858079905515;1.3750745378651907;3.332021466905612;1
2.646332737030216;2.876088252834912;2.915265354800032;3.3831246273108797;1
2.229874776386414;-1.0596302921866638;1.0465116279068178;3.372748956471714;0
1.3750745378651907;3.332021466905612;-1.5628503279666992;2.9760286225412282;1
-1.5628503279666992;2.9760286225412282;-1.1463327370305412;1.4949314251648036;1
-0.18968395945159314;3.1434108527169506;0.19994036970763632;1.7331544424577856;0
-1.4988670244486249;3.3589743589762207;-2.3005963029221403;3.529755515804034;0
-2.3005963029221403;3.529755515804034;-2.4494931425165998;3.762492546215125;1
-2.4494931425165998;3.762492546215125;-2.8031604054859987;3.85438282647938;1
-2.8031604054859987;3.85438282647938;-3.1041144901610287;3.7808586762077043;1
-3.1041144901610287;3.7808586762077043;-3.2251043530114267;3.6379248658353047;0
-3.2251043530114267;3.6379248658353047;-3.1320214669053557;3.1479427549211505;1
-1.5628503279666992;2.9760286225412282;-1.560286225402556;3.305068574839241;1
-1.560286225402556;3.305068574839241;-1.068932617770048;3.5442456768056765;1
-1.068932617770048;3.5442456768056765;-0.35241502683363723;3.446571258199342;1
-0.35241502683363723;3.446571258199342;-0.18968395945159314;3.1434108527169506;1
-0.8232558139535292;3.5644007155636293;-0.8082886106143652;4.011568276686118;0
-0.2756112104951118;3.3926654740623623;0.4388789505067679;3.650208706025614;1
0.4388789505067679;3.650208706025614;0.4171735241502165;3.9625521765064136;0
0.4171735241502165;3.9625521765064136;-0.035837805605384354;3.9686940966015682;1
-3.662909958258971;2.808646392369743;-3.567322599880847;4.055098389983932;1
-3.567322599880847;4.055098389983932;-3.86923076923092;4.343053070962768;1
-3.86923076923092;4.343053070962768;-3.8974955277283208;4.804531902208245;0
-3.8974955277283208;4.804531902208245;-4.107871198569067;5.256231365534934;1
-4.107871198569067;5.256231365534934;-4.058497316637083;6.003160405487724;1
-4.058497316637083;6.003160405487724;-4.344484197972684;6.355336911154057;1
-4.344484197972684;6.355336911154057;-4.609660107334685;6.398986285033405;1
-1.9465116279070465;0.717948717949504;-3.6872391174717563;2.3823494335155924;0
-3.6872391174717563;2.3823494335155924;-3.662909958258971;2.808646392369743;0
-0.4296958855099487;-1.2661896243261817;-0.8232558139535292;0.17698270721585324;1
-1.1463327370305412;1.4949314251648036;-0.7835420393561495;0.18193202147025042;1
-5.141025641025822;1.0156827668471269;-4.777757901013909;-0.3033392963610473;1
-2.3047704233751194;1.6996422182502997;-1.7827072152655135;1.7501490757309512;1
-1.7827072152655135;1.7501490757309512;-1.7929039952297308;1.972450805009992;0
-1.7929039952297308;1.972450805009992;-1.992546213476648;2.0364341085301847;1
-1.992546213476648;2.0364341085301847;-2.8370304114492075;1.9219439475251032;1
-2.8370304114492075;1.9219439475251032;-2.596481812760975;1.6389982110935495;1
-2.596481812760975;1.6389982110935495;-2.3047704233751194;1.6996422182502997;0
-2.2217650566488185;1.3685748360196095;-2.3047704233751194;1.6996422182502997;1
-1.5021466905189176;2.7461538461547343;-3.177757901013973;2.5841979725722544;1
-3.177757901013973;2.5841979725722544;-3.3466308884914366;2.436016696485268;0
-3.3466308884914366;2.436016696485268;-3.2084675014908064;2.2878354203940447;0
-3.2084675014908064;2.2878354203940447;-2.9832438878950773;2.2306499701865077;0
-2.9832438878950773;2.2306499701865077;-1.4166964818129202;2.4333333333350895;1
12.034704830053588;1.8445438282667286;11.893858079904632;1.8799045915324732;1
11.79033989266545;1.490757304713678;12.302146690518748;1.659153249851502;0
12.302146690518748;1.659153249851502;14.160047704233687;1.1438282647619313;1
11.1011329755514;1.663864042934358;11.546869409660001;1.8178294573676614;1
11.448062015503675;1.924865831842586;11.1011329755514;1.663864042934358;0
4.077340488968242;-7.675193798449914;3.6415623136552293;-6.1329755515778945;1
4.541443053070747;-5.446690518781854;4.675134168157414;-6.0082289803194175;1
6.839475253428744;-5.514072748954138;6.913416815742407;-5.738044126412782;1
7.49970184853898;-5.503995229575162;8.615444245676604;-5.369230769230595;0
7.21878354203931;-4.569111508642738;7.532558139534791;-5.663327370300348;1
5.3603458556944945;-5.180560524744811;5.626475849731539;-5.163685152057416;1
6.051282051281829;-5.150208706022111;5.636493738819218;-5.200775193795648;0
-3.125342874180324;-5.017471675610222;-3.0916517590936525;-4.975253428738935;0
-3.0916517590936525;-4.975253428738935;-3.149254621347679;-4.940310077519151;0
-3.149254621347679;-4.940310077519151;-3.178115682767048;-4.984615384611763;1
-3.178115682767048;-4.984615384611763;-3.125342874180324;-5.017471675610222;0
-3.033989266547535;-5.369409660105013;-3.125342874180324;-5.017471675610222;0
-3.149254621347679;-4.940310077519151;-3.3443053070961866;-4.203279666066681;0
-2.7544424567680723;-4.121765056645829;-2.664698867024649;-4.410852713176775;0
-2.664698867024649;-4.410852713176775;-2.715861657722272;-4.660107334522187;1
-2.715861657722272;-4.660107334522187;-2.4375670840788355;-5.2637447823495025;1
-1.8261180679786162;-5.207573047104067;-1.775491949910605;-4.992784734643831;0
-1.775491949910605;-4.992784734643831;-2.054502087060456;-4.595229576621426;1
-2.054502087060456;-4.595229576621426;-2.086762075134299;-4.118545020868157;1
-1.0381633870005944;-4.968753726890706;-1.0093023255814904;-5.077638640428126;1
-1.0093023255814904;-5.077638640428126;-0.8738819320215403;-5.059749552770156;0
-0.8738819320215403;-5.059749552770156;-0.9101967799644458;-4.951818723910426;1
-0.9101967799644458;-4.951818723910426;-1.0381633870005944;-4.968753726890706;0
-1.0381633870005944;-4.968753726890706;-1.08181276088259;-4.344543828263715;1
-1.08181276088259;-4.344543828263715;-1.2961240310079525;-3.927251043529317;1
-1.8134168157426114;-3.9917113893841183;-11.344603458557115;-5.309123434701338;0
-4.99892665474084;-4.4320214669053035;-4.631127012522609;-5.9294573643373925;0
-11.867024448420059;-4.378115682764086;-16.04740608228996;-4.890518783540411;1
3.681037567083981;0.5554561717352936;2.706261180679758;0.6716159809199779;0
2.706261180679758;0.6716159809199779;1.9559928443648495;0.5099582587976874;0
-10.109838998211266;-3.7712581991633365;-8.017829457364499;-3.516815742396223;0
-10.44919499105556;-2.5648777578977477;-10.588670244484307;-1.953249850921256;0
-10.588670244484307;-1.953249850921256;-10.901610017889194;-1.7892069171132134;0
-10.901610017889194;-1.7892069171132134;-11.715384615384655;-1.9075730471049939;0
-11.773106738223127;-2.265712581987826;-11.701788908765698;-2.213834227787761;1
-11.701788908765698;-2.213834227787761;-11.736374478235057;-1.569946332733189;1
-11.736374478235057;-1.569946332733189;-11.842814549791456;-1.423315444244272;0
-10.588670244484307;-1.953249850921256;-10.453846153846325;-1.825879546809723;0
-11.25354800238531;-1.827310673822022;-11.43118664281469;-1.5490757304690872;0
-11.036314847942993;-1.2819916517585899;-11.0964818127609;-1.0661299940348934;0
-10.67262969588565;-1.3170542635641451;-10.734287418008474;-1.0181276088215274;1
-9.29099582587961;-1.9270125223610342;-10.554680977936917;-2.0884913536046685;1
-9.763983303518215;6.215205724509133;-10.207155635062673;5.881991651759994;1
-10.207155635062673;5.881991651759994;-10.75128205128217;5.967143709004478;1
-10.75128205128217;5.967143709004478;-10.994573643411083;5.878175313061943;0
-10.994573643411083;5.878175313061943;-11.155873583780828;5.752415026837128;0
-11.155873583780828;5.752415026837128;-11.223076923077105;5.550745378654885;1
-11.223076923077105;5.550745378654885;-12.686523553965511;5.473345259392273;0
-3.662909958258971;2.808646392369743;3.6081097197374508;3.680083482409468;0
-11.825104353011346;-0.45551580202474035;0.3990459153249416;1.0006559332137537;0
-2.3465712581993863;1.1007751937987258;-2.566607036374473;0.953369111510774;0
-2.566607036374473;0.953369111510774;-2.4979129397735425;0.6509838998231802;1
-15.42719141323809;1.7669648181296982;-15.1005366726298;1.4320214669080717;0
-15.1005366726298;1.4320214669080717;-8.463208109719762;2.214907573046985;1
-11.062432915921418;-2.637686344663274;-10.943649373882089;-3.0676207513410563;0
-11.040190816935255;-2.7386404293359288;-10.419260584376968;-2.6713178294565303;1
-8.33315444245699;-2.3714370900404593;2.209898628503145;-1.1305903398896944;0
2.209898628503145;-1.1305903398896944;2.229874776386414;-1.0596302921866638;1
1.0969588550982916;-1.5045319022049346;1.0139534883719907;-1.2039952295755993;0
-5.579546809779515;-2.4937388193202983;-5.714013118664423;-2.0026833631469207;0
-7.561001788908994;-2.8134764460341324;-7.843291592128873;-1.767799642217381;1
-8.479487179487307;-1.8400119260582914;-5.8472868217056595;-1.531723315442847;0
-8.992844364937616;-2.9846750149079058;-7.561001788908994;-2.8134764460341324;0
-10.22164579606458;-3.373762671433816;-8.951103160405705;-3.2110316040523013;0
-8.951103160405705;-3.2110316040523013;-8.992844364937616;-2.9846750149079058;0
-10.13858079904619;-3.366547406079437;-9.667024448419884;-5.134108527129514;0
-11.161180679785387;-5.350029815146096;-4.978652355396588;-4.514549791292494;1
-4.978652355396588;-4.514549791292494;-1.6359570661897667;-4.068515205722114;0
-11.161180679785387;-5.350029815146096;-11.438938580799212;-5.563983303514411;0
-11.438938580799212;-5.563983303514411;-11.666607036374637;-5.535301132975552;0
-11.666607036374637;-5.535301132975552;-11.820572450805027;-5.39892665474003;0
-11.820572450805027;-5.39892665474003;-11.724150268336572;-5.198449612402781;1
-11.724150268336572;-5.198449612402781;-11.467143709004258;-5.135062611802967;0
-11.467143709004258;-5.135062611802967;-11.250745378652537;-5.202623732853907;1
-11.250745378652537;-5.202623732853907;-11.161180679785387;-5.350029815146096;0
-11.820274299344309;-5.345796064397848;-12.971317829457442;-5.553428741800826;1
-10.624090638044262;-4.2408467501479965;-10.014251639833143;-4.111031604053589;0
-1.6359570661897667;-4.068515205722114;-0.9569469290401967;-3.9645199761462058;0
-1.4867024448422324;-4.722957662490271;-1.6567084078712757;-4.059630292188133;1
-1.7172927847348758;-3.8791293977301806;-2.156052474657197;-2.341264162192179;1
-4.558020274299541;-5.920095408464566;-4.937447823494553;-4.510793082883091;1
-3.0916517590936525;-4.975253428738935;-1.5519379844963328;-4.726774001192559;1
-1.3983899821111079;-5.278413834225564;-1.7321407274895932;-4.066070363743477;0
-1.2384615384615703;-5.2615980918268175;-1.552892069171375;-4.044961240307834;1
-9.38282647584992;-6.338044126416465;-9.740906380441455;-5.087477638639799;1
-9.568515205724541;-5.652355396540804;-8.133870005963148;-5.461836612996762;1
-8.133870005963148;-5.461836612996762;-8.286106141920257;-4.886344663085049;1
12.216756112104843;1.7906976744183973;12.034704830053588;1.8445438282667286;1
7.673166368515118;-6.182945736431052;7.532558139534791;-5.663327370300348;1
7.556648777578948;-5.7879546809772915;6.959093619558669;-5.861299940366075;0
6.959093619558669;-5.861299940366075;7.269469290399411;-6.965474060821128;1
7.269469290399411;-6.965474060821128;8.448717948717855;-6.824686940962939;1
8.448717948717855;-6.824686940962939;8.160524746571184;-5.718127608822133;1
8.160524746571184;-5.718127608822133;7.556648777578948;-5.7879546809772915;0
7.708944543828147;-6.325581395347499;7.858199165175681;-6.897495527724228;1
3.6435897435897604;3.0282051282057196;3.93023255813942;3.5002981514619025;1
5.967561121049378;1.8719141323790598;7.052415026833633;2.009540846752462;1
7.632737030411325;0.01431127012722405;6.921466905187646;2.4598091830668523;1
-5.960703637448074;5.964639236732955;-5.497912939773422;6.290638044127715;1
-4.687119856887534;5.900894454384304;-4.591472868217055;5.866666666666432;0
-4.591472868217055;5.866666666666432;-4.660763267740218;5.692903995232487;0
-7.999284436493794;7.125402504475167;-7.7720333929638;5.69952295766225;0
-5.592963625521934;5.820214669055372;-5.563088849135432;5.6360166964851395;0
-5.167859272510659;5.840310077520439;-5.026893261776993;5.766905187838771;0
-5.026893261776993;5.766905187838771;-4.906678592725365;5.85283243888229;0
-7.217471675611457;6.454800238521528;-7.192605843768795;6.196839594516553;1
-7.192605843768795;6.196839594516553;-6.970244484198194;6.071317829459042;1
-6.970244484198194;6.071317829459042;-6.918008348241082;5.75521765056884;1
-6.56487775790103;6.343768634469897;-5.70644007155644;5.817531305905193;1
-6.243768634466458;6.136851520573067;-6.042635658914887;6.344663088850465;0
-7.7720333929638;5.69952295766225;-4.906678592725365;5.85283243888229;0
-4.906678592725365;5.85283243888229;-4.687119856887534;5.900894454384304;1
-4.687119856887534;5.900894454384304;-4.631067382230253;6.0272510435337345;0
-5.913774597495786;5.805426356589303;-5.909958258795617;5.935301132976595;1
-6.95766249254637;5.995110316041425;-6.625223613595737;6.014728682171884;0
-6.625223613595737;6.014728682171884;-6.347167561121194;6.20155038759941;1
-6.918008348241082;5.75521765056884;-6.906678592725284;5.553011329759103;1
-6.906678592725284;5.553011329759103;-6.998389982111148;5.526595110315989;0
-6.998389982111148;5.526595110315989;-7.661240310077619;5.4940369707819565;1
-7.661240310077619;5.4940369707819565;-7.7720333929638;5.69952295766225;1
-6.516935002981609;5.767978533097995;-6.465533691115092;5.605247465716481;1
-6.465533691115092;5.605247465716481;-6.000834824090885;5.624209898629438;0
-6.000834824090885;5.624209898629438;-5.981991651759196;5.801431127012596;0
-12.16213476446039;5.505426356591697;-12.015324985092551;5.288729874776082;1
-11.223076923077105;5.550745378654885;-7.7720333929638;5.69952295766225;0
-11.59892665474084;5.873225998807546;-11.338282647585157;6.124746571261413;0
5.600298151460759;6.233333333334407;3.8485986881335923;3.7305307096014713;0
3.8485986881335923;3.7305307096014713;3.6081097197374508;3.680083482409468;0
-3.579546809779595;-5.543530113296269;-3.9131186642815434;-4.369946332736254;0
-1.534883720930282;-3.9550387596876084;-1.7172927847348758;-3.8791293977301806;0
-1.7172927847348758;-3.8791293977301806;-1.8178294573644838;-3.9615980918287232;1
-1.8178294573644838;-3.9615980918287232;-1.6567084078712757;-4.059630292188133;1
-1.6567084078712757;-4.059630292188133;-1.534883720930282;-3.9550387596876084;1
-11.658318425760505;-3.488908765652161;-11.664579606440107;-3.364460345853874;1
-11.664579606440107;-3.364460345853874;-11.612760882528425;-2.8948717948692138;0
-11.706320810972016;-3.366785927250978;-11.697912939773438;-3.493381037563476;1
-2.1862254025046832;-2.2241502683340415;-2.759689922480805;-0.14031007751934343;1
-2.156052474657197;-2.341264162192179;-2.1862254025046832;-2.2241502683340415;0
-11.697912939773438;-3.493381037563476;-11.648240906380469;-4.095169946332533;0
-11.648240906380469;-4.095169946332533;-11.727131782945882;-4.204174120451487;0
-13.646750149076;-3.7756112104931177;-13.704531902206563;-3.56296958855133;1
-13.704531902206563;-3.56296958855133;-14.054740608229132;-2.258199165173258;0
16.480322003577847;-2.3025044722701065;6.063983303518098;-3.026833631482069;0
6.063983303518098;-3.026833631482069;-1.534883720930282;-3.9550387596876084;1
-4.862432915921401;2.4443053070988707;-4.814311270125443;2.7834227787716226;0
-4.814311270125443;2.7834227787716226;-4.37042337507457;2.874836016697032;1
-4.37042337507457;2.874836016697032;-4.000238521168997;2.6710793082892264;0
-4.000238521168997;2.6710793082892264;-4.077817531306028;2.39582587954666;0
-5.351341681574477;2.7180679785362534;-4.862432915921401;2.4443053070988707;1
-4.862432915921401;2.4443053070988707;-4.2361359570662;2.430053667264532;1
-4.2361359570662;2.430053667264532;-3.619200954084884;2.228324388789404;1
-3.619200954084884;2.228324388789404;-3.1876565295172066;1.8263565891485685;1
-3.1876565295172066;1.8263565891485685;-3.2264758497318997;1.5474657125823696;1
-3.2264758497318997;1.5474657125823696;-3.1419797257006796;1.2561717352443278;1
-4.026595110316049;3.0990459153272165;-4.219856887298919;2.844722719141637;0
-2.760763267740029;2.5957662492564144;-2.8042337507454875;2.753548002387769;0
-2.8023852116877586;0.0193798449631548;-3.1419797257006796;1.2561717352443278;1
-3.521645796064585;2.223852116878089;-3.2761478831248683;2.34686940965984;1
-2.6097793679189474;2.61443053071342;-2.5262373285630346;2.3039952295795274;1
-3.662909958258971;2.808646392369743;-4.066905187835661;2.757185450211401;1
-2.165235539654281;2.8260584376888684;-2.1239117471678006;2.6744782349455543;0
-4.123613595706736;2.7957066189661695;-4.373822301729309;2.635778175316367;1
-4.373822301729309;2.635778175316367;-4.879487179487187;2.5431127012530776;0
-2.2354203935601307;3.166368515206615;-2.165235539654281;2.8260584376888684;1
-3.1320214669053557;3.1479427549211505;-2.8989862850330153;3.0381633870031624;0
-2.8989862850330153;3.0381633870031624;-2.8042337507454875;2.753548002387769;0
16.480322003577847;-2.3025044722701065;16.49999999999987;-1.423553965411576;1
16.49999999999987;-1.423553965411576;16.40274299344055;-1.0482409063769225;1
16.40274299344055;-1.0482409063769225;15.235718545020857;0.35963029219225306;0
15.235718545020857;0.35963029219225306;14.836493738819113;0.9760286225402492;0
14.836493738819113;0.9760286225402492;12.216756112104843;1.7906976744183973;1
6.274239713774398;1.0699463327371812;6.371914132379144;0.9298747763893789;0
6.933273703040965;0.9930232558176518;6.960465116278876;0.9066785927281732;1
5.666249254621274;0.6488968395976175;5.7319618366128955;0.5381633870019386;1
4.930769230769257;0.7710196779988007;4.316875372689341;0.720512820513912;0
4.316875372689341;0.720512820513912;4.240131186642642;0.9899821109143986;1
4.240131186642642;0.9899821109143986;5.058676207513315;1.1752534287438547;1
5.058676207513315;1.1752534287438547;5.1546809779366045;1.0152057245082817;0
5.1546809779366045;1.0152057245082817;4.930769230769257;0.7710196779988007;1
5.862850327966527;0.9611210494968834;5.396183661299879;0.7840787119881448;1
5.396183661299879;0.7840787119881448;4.930769230769257;0.7710196779988007;1
4.828384019081655;0.7415623136566696;4.840190816934973;0.4754323196196256;0
5.332915921287954;0.4984496124064125;6.371914132379144;0.9298747763893789;1
6.371914132379144;0.9298747763893789;7.175491949910389;0.9611806797855317;1
6.274239713774398;1.0699463327371812;5.862850327966527;0.9611210494968834;0
5.862850327966527;0.9611210494968834;5.7349433512222046;1.0337507453795167;1
5.7349433512222046;1.0337507453795167;5.59612403100778;1.3604651162804255;1
5.59612403100778;1.3604651162804255;5.736851520572289;1.448896839595467;1
5.736851520572289;1.448896839595467;6.741264162194386;1.554144305309255;0
6.741264162194386;1.554144305309255;6.869230769230799;1.4867620751369712;1
6.869230769230799;1.4867620751369712;6.880083482409075;1.2147883124649619;1
6.880083482409075;1.2147883124649619;6.274239713774398;1.0699463327371812;0
4.004054859868637;0.5296362552210316;5.7319618366128955;0.5381633870019386;0
5.7319618366128955;0.5381633870019386;7.352474657125712;0.9780560524771637;1
4.49153249850915;-0.7920691711373212;6.1518783542037925;-0.5035181872381063;1
6.1518783542037925;-0.5035181872381063;7.294573643410701;-0.14281454979086616;0
7.294573643410701;-0.14281454979086616;11.1011329755514;1.663864042934358;0
2.646332737030216;2.876088252834912;2.901490757304538;1.9825283243889682;0
3.991771019677798;0.573047107933075;5.666249254621274;0.6488968395976175;1
5.666249254621274;0.6488968395976175;5.45032796660681;0.9561717352424861;1
5.45032796660681;0.9561717352424861;5.362373285629026;1.384078711987591;0
5.362373285629026;1.384078711987591;5.23231961836599;1.4671437090065123;1
5.539475253428531;0.515861657725538;5.892188431723152;-0.06171735241173719;1
5.892188431723152;-0.06171735241173719;5.873047107930744;-0.21025641025603517;1
5.873047107930744;-0.21025641025603517;5.769767441860456;-0.3059033989254553;0
5.769767441860456;-0.3059033989254553;4.947465712581969;-0.44186046511501736;0
4.947465712581969;-0.44186046511501736;4.519081693500137;-0.2051878354201044;0
4.519081693500137;-0.2051878354201044;4.318246869409549;0.4898628503283833;1
7.02087060226594;0.9253428741809417;7.190697674418446;0.27680381634063594;0
7.190697674418446;0.27680381634063594;7.14859868813346;0.15098389982293542;0
7.14859868813346;0.15098389982293542;6.919141323792396;0.02760882528387236;1
6.919141323792396;0.02760882528387236;6.402742993440689;0.05277280858910726;0
6.402742993440689;0.05277280858910726;6.011329755515821;0.5796660703670751;0
2.448956469886458;0.6472271914137776;2.362731067382221;0.8320810971972737;0
6.016457960643843;1.6827668455586675;5.967561121049378;1.8719141323790598;0
4.612701252236085;1.2255217650572021;4.383542039356005;1.4789505068579767;0
2.1399522957661885;1.5134764460360384;1.7998211091233904;1.47495527728127;1
2.9498509242693896;0.4703041144908096;2.966845557543085;0.3990459153275897;0
6.4864639236731385;2.109898628504738;6.411449016099986;2.398867024449913;1
3.730053667262891;1.499105545620166;4.153130590339899;1.5509242695315828;1
4.511687537268956;2.1718545020880162;4.550924269528815;2.0320810972004035;1
6.536612999403629;0.007513416818805195;6.467799642218252;-0.11079308288432713;0
5.090876565295067;1.5672033392985991;5.030232558139376;1.7706618962462155;0
4.737090041741222;-0.3914728682158993;4.652951699463341;-0.49218843172125015;1
5.6675014907573;2.9593917710211373;5.743112701252155;2.7036970781161442;0
5.449373881932033;2.01872391175087;5.502862254024906;1.8128801431132642;1
3.255992844364797;0.832140727490159;2.7341681574238197;0.8752534287420131;0
2.7341681574238197;0.8752534287420131;2.130113297555046;0.7754323196214673;1
2.130113297555046;0.7754323196214673;1.9733452593916194;0.9124627310702533;0
1.9733452593916194;0.9124627310702533;2.142993440667853;1.0283243887905111;0
2.142993440667853;1.0283243887905111;3.117233154442464;1.1493142516395851;0
3.117233154442464;1.1493142516395851;3.5310673822300322;1.0494931425190395;0
3.5310673822300322;1.0494931425190395;3.5580799045914073;0.8346451997616817;1
3.5580799045914073;0.8346451997616817;3.255992844364797;0.832140727490159;0
4.767680381633873;-0.5525939177064592;4.515265354800232;-0.45694692903703904;0
6.476624925461996;1.7401908169377456;6.906499701848483;2.2617173524153564;0
5.781932021466848;0.1192009540879375;6.272748956469744;0.1736434108524106;1
6.498270721526457;0.7056648777591944;6.755813953488384;0.2992844364956923;1
2.1892665474060826;1.2093619558759565;2.362731067382221;0.8320810971972737;0
4.476982707215151;-0.051639833032760964;5.781932021466848;0.1192009540879375;0
2.4208109719737685;0.48550983899860184;2.581276088252653;-0.12289803220021785;1
7.418425760286227;0.4898628503283833;7.1583184257601555;0.4390578413833052;0
7.091234347048326;0.6619558735869616;6.1229576624923325;0.4063208109748538;0
5.899821109123226;-0.13977340488761292;4.591771019677774;-0.2883124627276739;1
2.875551580202652;-0.030709600475773893;2.8974358974357406;-0.11276088252835634;0
2.8974358974357406;-0.11276088252835634;2.581276088252653;-0.12289803220021785;1
5.338282647584869;3.4891472868237026;5.250566487775711;3.3130590339926544;0
5.250566487775711;3.3130590339926544;5.316875372689301;3.1694692904027537;0
6.329576624925266;-0.35688729874495223;5.761419200953967;0.5421586165786453;1
3.1859272510433945;0.6370900417419161;3.3614192009540633;1.1256410256437712;1
6.272748956469744;0.1736434108524106;7.167740011925868;0.40775193798715254;1
3.8341681574237754;1.130709600479702;4.612701252236085;1.2255217650572021;0
4.612701252236085;1.2255217650572021;5.190280262373095;1.4243291592148477;0
5.190280262373095;1.4243291592148477;5.190697674418526;1.5796660703675645;0
5.640250447227032;0.35074537865403443;4.36958855098371;0.3148479427565592;1
5.653130590339839;3.4906380441288865;5.532796660703499;3.236791890282152;1
5.532796660703499;3.236791890282152;5.6675014907573;2.9593917710211373;0
6.62695289206902;0.265712581995321;6.828562909958112;0.31842576028730596;0
5.873047107930744;-0.21025641025603517;6.064281454979082;-0.2581991651722788;0
6.064281454979082;-0.2581991651722788;6.467799642218252;-0.11079308288432713;1
2.2817531305901864;-0.10512820512801758;2.333214072748793;-0.18884913536020287;0
2.333214072748793;-0.18884913536020287;2.581276088252653;-0.12289803220021785;1
5.166845557542997;-0.6035778175301931;4.8912939773405055;0.4760882528328897;0
6.851997614788211;2.4515205724532496;7.541920095408412;0.062492546215008805;0
3.4477638640427477;0.5024448419831192;3.491234347048206;0.1021466905218866;1
3.491234347048206;0.1021466905218866;2.567680381633697;-0.07149672033052401;1
3.7577817531304154;1.400894454386338;7.107871198568682;1.819022063208419;1
7.611270125223401;0.0882528324406225;5.76350626118059;-0.48777579009858346;1
5.76350626118059;-0.48777579009858346;4.619916517590728;-0.689147286820637;0
4.619916517590728;-0.689147286820637;4.332558139534655;-0.6326774001192494;0
2.0511627906975427;-1.3892069171121701;0.8064997018484622;-1.5397137745962604;0
0.8064997018484622;-1.5397137745962604;0.8358378056050875;-1.6528324388776914;1
0.8358378056050875;-1.6528324388776914;-0.025879546809795383;-1.7557543231943755;1
-0.025879546809795383;-1.7557543231943755;-0.05128205128206959;-1.6708407871171957;1
-3.711210494931467;-1.7649373881927837;-3.5125223613595917;-2.267799642217626;1
-3.5125223613595917;-2.267799642217626;-2.9432915921288045;-2.1586762075129013;1
-2.9432915921288045;-2.1586762075129013;-3.0519379844962726;-1.785092426950736;1
-0.5060822898033087;0.2133571854521737;-0.347465712582153;-0.4758497316613486;1
-0.347465712582153;-0.4758497316613486;0.144901610017753;-0.4475849731642122;0
0.144901610017753;-0.4475849731642122;0.19570661896230143;-0.3974358974323982;1
0.19570661896230143;-0.3974358974323982;-0.031246273106974778;0.26726296958915324;0
-0.09111508646416067;2.7865235539677613;0.7115682766843969;2.8610614192015387;1
0.7115682766843969;2.8610614192015387;0.8326774001192414;2.4945736434122185;0
0.8326774001192414;2.4945736434122185;0.013595706618956203;2.4077519379881314;1
1.3750745378651907;3.332021466905612;1.4673225998806663;3.7632677400141596;1
1.4673225998806663;3.7632677400141596;2.5283840190814826;3.856946929043788;0
2.5283840190814826;3.856946929043788;3.0299344066784726;4.164221824688656;0
3.0299344066784726;4.164221824688656;3.444424567680364;4.013297555158607;1
0.5552176505664006;-0.598032200355417;0.6091234347047042;-0.781753130586804;1
-0.915980918306526;3.0548598688161386;-0.8125223613597001;2.692605843770829;1
-3.0136553369111914;-2.2544424567680923;-3.0282051282051903;-2.204710793082238;1
1.0221228384016767;-0.7276088252825202;0.965593321407139;-0.5414430530682589;1
0.587656529516781;-1.5550983899784714;0.620691711389394;-1.6785330948104198;0
-0.8261180679786563;2.213237924867382;-1.335599284436704;2.1518783542044826;0
0.24585569469279134;-0.8298151460930551;0.18986285032786568;-0.6379248658295991;1
2.2023852116875178;2.519022063211304;2.1246869409657756;2.8051878354205297;0
1.2570661896241015;2.097316636854239;0.8912939773404011;2.0574239713800573;1
2.305664877757806;-1.6150268336290723;2.3759689922478375;-1.8490757304709289;1
3.247465712581772;-1.0249254621341832;2.6964221824686154;-1.098032200355662;1
1.719856887298754;0.2637447823512918;1.4836612999403032;0.2338103756745525;1
0.18008348240881403;-0.9825283243884787;0.1398926654739131;-0.8438282647558528;1
-0.09922480620175579;-0.47871198568594603;0.006499701848494267;-0.8614788312465195;0
-3.40047704233765;-1.8281454979097047;-3.282349433512379;-2.2378056052437643;0
2.782110912343241;2.400596302922401;2.2551580202742416;2.3338700059633815;1
0.6214669051876343;0.5889087656541313;0.515742397137649;0.5749552772842189;1
3.145080500894435;-0.6666666666655807;3.221228384018902;-0.9419200954081474;0
-0.35527728085876426;0.4500298151470866;-0.07197376267148774;0.4821705426393962;0
1.4218246869409417;-0.5021466905186928;1.4684555754322461;-0.6702444841963274;0
-3.635539654144521;-2.255694692901735;-3.5760882528325006;-2.2441264162175747;0
1.832498509242664;-0.1415623136529863;1.5803816338700065;-0.17358378055952534;1
0.3257006559329812;1.2538461538472239;-0.40220632081105245;1.1663088849169878;0
-1.1700655933216237;0.3599880739453277;-1.1084078711987997;0.14144305307145272;1
2.8913536076326767;-0.32313655336592506;2.9868813357184445;-0.6846750149050851;1
-0.26344663088871906;-0.9156827668436884;-0.5158616577223604;-0.9434704830019797;1
0.23768634466284055;-1.18384019081341;0.18008348240881403;-0.9825283243884787;1
0.16756112104934667;-1.6104353011319867;0.19612403100773176;-1.7292188431697273;1
-1.5353011329757122;-1.6019081693468429;-1.4279666070366261;-1.9924269528892886;1
0.5852713178294401;-0.1160405485989137;0.12927847346453042;-0.1710793082880026;0
-0.643828264758509;2.328920691713221;-0.8125223613597001;2.692605843770829;0
4.126237328562706;-1.179606440069399;2.649075730470897;-1.3776386404280099;1
-4.148062015503968;-1.920393559927034;-3.683542039356033;-1.8630888491337265;1
-2.8519976147883717;-0.12295766248886614;-2.657125819916666;-0.8009540846713029;0
-2.657125819916666;-0.8009540846713029;-2.570781156827717;-0.8268336314826872;1
3.3208109719737324;3.6447823494366087;3.3587954680975645;3.446571258199342;1
0.7474657125818721;0.14454382826759124;0.5187835420393134;0.11771019678275352;1
0.7115682766843969;2.8610614192015387;1.04591532498485;2.8688133571876477;1
1.008407871198539;1.7576028622568713;0.8912939773404011;2.0574239713800573;0
2.2679785330946927;2.2999403697099354;2.2023852116875178;2.519022063211304;1
0.886583184257545;-0.38014311269904316;0.7320214669051869;0.2029218843201228;1
2.524925462134653;4.237745974956095;2.822957662492465;4.08688133571893;0
-3.6165175909362945;-2.3270125223578404;-3.7386404293382722;-1.8698867024421453;0
3.3302325581394445;-1.2863446630883713;3.221228384018902;-0.9419200954081474;0
-2.4190816935004857;-1.3779964221810845;-2.3504472271916463;-1.331127012519828;1
-2.3504472271916463;-1.331127012519828;-2.6873583780562424;-0.11711389385813774;0
-2.5666666666668285;-1.124090638041465;-2.4190816935004857;-1.3779964221810845;1
-0.6986881335718549;-1.5028622540253316;-0.5915921288016618;-1.8821109123438067;1
0.6412045319020101;0.5168753726918768;0.5495527728085022;0.8514609421604286;1
-2.3835420393560853;-1.5071556350622277;-8.370483005366765;-2.2359570661897425;1
0.9824686940963878;-1.0920095408462775;-2.3835420393560853;-1.5071556350622277;1
0.41639833035171153;-1.70292188431662;0.3067382230171104;-1.2879546809750888;1
1.8914728682168984;3.76779964221836;1.9183661299938268;4.0504472271939616;0
1.3590936195586287;-1.4726893261770513;1.400477042337465;-1.628443649371491;1
1.400477042337465;-1.628443649371491;2.09415623136548;-1.5422778771606684;1
2.09415623136548;-1.5422778771606684;2.0511627906975427;-1.3892069171121701;0
1.9712581991649973;3.357185450210847;1.8914728682168984;3.76779964221836;1
-0.4042933810376745;-1.8573643410845317;-1.4279666070366261;-1.9924269528892886;1
1.589445438282644;2.5251043530135733;0.8258199165174076;2.4726296958888927;1
-1.896779964221987;-1.6446630888456222;-1.853190220632082;-1.8085867620721312;1
-1.853190220632082;-1.8085867620721312;-1.4772808586762554;-1.8131186642805683;1
2.728562909958277;-0.7141323792472161;2.4654144305305414;-0.6600477042315807;1
2.4654144305305414;-0.6600477042315807;2.379427549194932;-0.3745974955242672;1
0.4433512224209958;0.8391174716772337;0.9772808586760106;0.8666666666682208;0
0.9772808586760106;0.8666666666682208;1.1035778175312323;0.40238521169103236;1
0.5565295169945176;-0.7887298747738786;0.5982110912343377;-0.9452593917673531;1
0.5982110912343377;-0.9452593917673531;-0.224388789505133;-1.0442456768002157;0
-0.224388789505133;-1.0442456768002157;-0.23804412641644485;-0.8937984496090109;0
-3.341085271317985;-1.8208109719737924;-3.290101371496899;-2.01496720333723;1
-3.290101371496899;-2.01496720333723;-2.977817531306072;-2.0398926654709237;0
-1.4279666070366261;-1.9924269528892886;-1.4621943947526448;-2.0677400119263374;1
-1.4621943947526448;-2.0677400119263374;-7.561001788908994;-2.8134764460341324;1
0.5054263565889854;0.1646988670255437;0.6657125819915976;-0.39904591532335276;1
0.6657125819915976;-0.39904591532335276;0.7856887298745976;-0.3916517590903181;0
0.515742397137649;0.5749552772842189;0.3871794871792679;0.5863446630897233;1
0.3871794871792679;0.5863446630897233;0.32075134168149694;0.825521765060396;1
0.32075134168149694;0.825521765060396;0.4433512224209958;0.8391174716772337;1
-0.7936195587359202;-1.9087656529499886;-0.8525939177104194;-1.7014311270114362;1
-0.8525939177104194;-1.7014311270114362;-0.4623732856292222;-1.6533094812165365;1
-0.4623732856292222;-1.6533094812165365;-0.4042933810376745;-1.8573643410845317;0
3.790161001788705;-0.5932021466867905;2.570900417411899;-0.7320810971938352;1
-3.683542039356033;-1.8630888491337265;-2.3315444245678663;-1.6961240310039642;1
-0.7122242098987203;-0.22415026833306226;0.0800238521167272;-0.11079308288432713;0
0.11824686940945262;2.0288610614227314;-0.7463923673226481;1.9252236135956606;1
-0.7463923673226481;1.9252236135956606;-0.8512820512823023;2.3040548598724127;1
-0.8512820512823023;2.3040548598724127;0.013595706618956203;2.4077519379881314;0
-2.3315444245678663;-1.6961240310039642;1.039296362552174;-1.297197376266382;0
1.3392963625521621;1.7969588550993227;0.9116279069767446;3.3563506261189273;1
-1.547167561121121;1.17531305903674;-1.5706618962433105;0.9939773404911053;0
-1.5706618962433105;0.9939773404911053;-1.8559332140727627;0.9450805008971712;0
-1.8559332140727627;0.9450805008971712;-2.2217650566488185;1.3685748360196095;0
1.6614192009538669;0.4741800834859828;1.9617769827071945;-0.6067978533078652;0
1.9617769827071945;-0.6067978533078652;0.885032796660535;-0.74525939176895;0
1.1035778175312323;0.40238521169103236;1.3150864639235584;-0.2990459153241512;0
1.3150864639235584;-0.2990459153241512;0.7856887298745976;-0.3916517590903181;1
-1.6047107930830566;0.07966607036683027;-1.7601669648183664;0.5528920691708856;1
-1.7601669648183664;0.5528920691708856;-0.9202146690521257;0.6884913536073729;1
-2.4915921288015856;-1.1145497912942193;-3.236016696482058;-1.1413237924861717;1
-3.236016696482058;-1.1413237924861717;-3.196958855098472;-1.0435897435869517;0
-3.196958855098472;-1.0435897435869517;-2.535241502683581;-0.955933214070945;0
-0.277161598091857;-0.7240310077517734;-0.23804412641644485;-0.8937984496090109;0
-0.23804412641644485;-0.8937984496090109;0.885032796660535;-0.74525939176895;1
-0.9202146690521257;0.6884913536073729;-0.1286225402504719;0.77793679189299;1
-0.1286225402504719;0.77793679189299;-0.031246273106974778;0.26726296958915324;1
-4.403279666070381;-1.7546809779351515;-4.666964818127728;-0.9768038163350469;0
-4.666964818127728;-0.9768038163350469;-4.92367322599906;-0.769827072149569;1
-4.92367322599906;-0.769827072149569;-4.908169350030019;-0.545080500891891;1
-5.375313059034188;-0.36863446630776825;-5.281395348837256;-0.7451997614760647;0
-5.281395348837256;-0.7451997614760647;-5.466010733452654;-0.8685748360151277;0
-5.466010733452654;-0.8685748360151277;-5.519379844961345;-1.0480023852096185;0
-5.519379844961345;-1.0480023852096185;-5.229457364341128;-1.1970781156814099;0
-5.229457364341128;-1.1970781156814099;-5.2237328562911385;-1.3100178890841851;1
-5.2237328562911385;-1.3100178890841851;-5.412641621943962;-1.46666666666343;0
-5.412641621943962;-1.46666666666343;-5.30101371496745;-1.8619558735816173;0
-4.3406082289804235;-1.336911150861908;-4.359689922480741;-1.121109123431097;0
-4.359689922480741;-1.121109123431097;-4.584734645199933;-0.8031007751939879;1
-4.584734645199933;-0.8031007751939879;-4.597734048896921;-0.5619558735835231;1
-2.4131186642816034;-1.1052474657100406;-1.8935002981516944;-1.0443053070931012;1
-6.4500298151463165;-0.8865831842546321;-6.317054263566063;-1.1579010137133774;1
-4.913059033989413;-0.616159809180692;-5.251520572451019;-0.5865831842570275;0
-5.412641621943962;-1.46666666666343;-5.639117471675717;-1.4942158616544172;1
-4.717412045319202;-0.5220632081093411;-4.777757901013909;-0.3033392963610473;0
-7.02558139534906;-1.1035778175304378;-6.783601669648265;-1.6424567680342887;1
-3.6220035778176554;-0.4706618962396473;-2.782230172927952;-0.36571258199028556;1
-3.744961240310229;-0.524150268334904;-3.4481216457960873;-1.0755515802006055;1
-4.575730471079385;-0.7121645796031869;-4.225163983303743;-0.8607632677361331;1
-4.59338103756714;-0.47745974955230314;-3.6721526535481455;-0.3662492546177791;1
-8.563506261180741;-1.5350029815134043;-7.697793679189152;-1.4228384019054268;0
-3.2280262373286446;-1.2327966607002292;-3.122719141323825;-1.5985092426947518;1
-5.886225402504534;-1.0887895050686056;-5.748777579010318;-1.0742397137740773;1
-5.748777579010318;-1.0742397137740773;-5.7201550387598425;-1.191532498506634;1
-3.6042337507454554;-0.5076923076892318;-4.084197972570076;-0.56386404293043;1
-7.590697674418695;-1.1329159212867983;-7.436612999403858;-1.7196779964224815;0
-7.606678592725256;-1.739833035180434;-7.779606440071783;-1.1382230172900332;0
-4.405843768634524;-0.5619558735835231;-4.084197972570076;-0.56386404293043;0
-5.388133571854639;-1.0327966607018262;-5.748777579010318;-1.0742397137740773;1
-5.659749552773045;-1.4122838401876052;-5.639117471675717;-1.4942158616544172;1
-5.639117471675717;-1.4942158616544172;-5.8472868217056595;-1.531723315442847;0
-3.9827072152654255;-1.2944543828233182;-4.637149672033582;-1.3732259988053432;0
-3.7063208109720733;-1.3147883124599264;-3.1581991651761347;-1.1856290995787833;0
-5.318962432915923;-0.5946929039919745;-4.717412045319202;-0.5220632081093411;1
-3.58878950506877;-1.6560524746553635;-3.6529516994633817;-1.4211091234329387;1
-3.6529516994633817;-1.4211091234329387;-3.9558139534884966;-1.4581395348825232;0
-3.9558139534884966;-1.4581395348825232;-3.895110316040715;-1.6939177101968679;1
-7.697793679189152;-1.4228384019054268;-5.9722719141325;-1.0772212283802083;1
-5.64054859868828;-0.6227191413218067;-5.620393559928474;-0.7062611806795732;1
-5.620393559928474;-0.7062611806795732;-5.789147286821756;-0.807811568276844;0
-5.789147286821756;-0.807811568276844;-6.042814549791424;-0.8406082289781807;0
-6.186642814549953;-0.5415623136540295;-5.852593917710219;-1.77376267143388;0
-5.852593917710219;-1.77376267143388;-5.774478234943576;-1.7890876565274427;0
-5.774478234943576;-1.7890876565274427;-5.699701848539317;-1.7571854502066744;1
-5.699701848539317;-1.7571854502066744;-6.049254621347828;-0.5246869409623974;0
-3.760703637447898;-0.18175313058735762;-3.381753130590407;-0.9711389385787373;1
-3.381753130590407;-0.9711389385787373;-3.2191413237925444;-1.065831842574704;0
-6.23965414430557;-1.7258199165176364;-6.280918306499959;-1.5830053667225332;0
-4.11544424567705;-1.7202742993428604;-4.213834227787945;-1.37143709003997;0
-6.120095408467735;-1.9604651162756348;-6.167740011926173;-1.798509242693155;0
-5.868813357185674;-1.7225998807357272;-6.1233750745380275;-1.753726893261698;0
-6.928920691711448;-2.001431127009041;-6.982528324389032;-1.8100178890844298;0
-6.1714967203339866;-1.5700655933189596;-6.134108527131857;-1.713595706615975;1
-7.162731067382293;-1.830948121645654;-6.839952295766265;-1.7934406678572241;0
-6.839952295766265;-1.7934406678572241;-6.788193202146939;-1.9865831842543231;0
-7.200655933214299;-1.6917710196741829;-7.072033392963827;-2.163923673223251;1
-6.228741800834938;-1.7665474060795012;-6.466845557543475;-1.7594514013108928;0
-6.466845557543475;-1.7594514013108928;-6.509183064997088;-1.6100178890860268;1
-6.134108527131857;-1.713595706615975;-6.23965414430557;-1.7258199165176364;0
-6.23965414430557;-1.7258199165176364;-6.218604651162813;-1.8044126416210056;1
-6.218604651162813;-1.8044126416210056;-6.113059033989364;-1.7921884317235812;1
-6.113059033989364;-1.7921884317235812;-6.134108527131857;-1.713595706615975;0
-3.679129397734161;-1.4017889087626692;-3.722122838402098;-1.2496720333918614;0
-3.722122838402098;-1.2496720333918614;-3.988312462731233;-1.2723911747142218;1
-3.988312462731233;-1.2723911747142218;-3.946094215861801;-1.4382230172918749;1
-3.946094215861801;-1.4382230172918749;-3.679129397734161;-1.4017889087626692;0
-7.164698867024469;-4.225521765054434;-6.961717352415167;-3.8797853309476817;1
-6.961717352415167;-3.8797853309476817;-7.09695885509858;-3.4163387000581764;0
-7.09695885509858;-3.4163387000581764;-7.42409063804439;-3.217590936193416;0
-7.42409063804439;-3.217590936193416;-5.4217650566489555;-2.9788312462729403;1
-5.4217650566489555;-2.9788312462729403;-4.99892665474084;-4.4320214669053035;0
-7.072033392963827;-2.163923673223251;-6.948300536672749;-2.606976744183263;1
-6.948300536672749;-2.606976744183263;-6.837090041741402;-2.6653548002357947;1
-6.837090041741402;-2.6653548002357947;-6.31794871794875;-2.5861657722120466;0
-6.31794871794875;-2.5861657722120466;-6.406261180679874;-2.184615384612934;0
-5.137626714371083;-5.196601073344523;-5.261121049493268;-4.716994633273772;1
-5.261121049493268;-4.716994633273772;-5.573643410852724;-4.679844961238416;0
-5.573643410852724;-4.679844961238416;-5.264162194394933;-5.784555754320964;1
-7.715265354800368;-0.44877757900920673;-8.325223613595934;-0.5508050089410859;0
-8.325223613595934;-0.5508050089410859;-8.465951103160442;-0.2339296362518491;1
-8.465951103160442;-0.2339296362518491;-7.8550387596901;-0.1299344066759408;0
-7.8550387596901;-0.1299344066759408;-7.715265354800368;-0.44877757900920673;0
-0.11908169350031327;-6.555515802026879;-0.27334525939195237;-5.985450208704172;0
1.1957066189622614;-5.371258199163272;1.1611806797852589;-5.242456768035203;0
-3.519081693500442;-5.796660703636855;-3.18407871198593;-6.9630292188424905;1
-7.8033392963626005;-0.48974358974261273;-7.753130590340019;-0.6628503279632928;1
-5.557841383422963;-2.5603458556935474;-5.476386404293408;-2.810793082883954;0
-8.220155038759742;-0.7177101967779629;-8.264997018485408;-0.5447823494317016;1
-2.986225402504651;-5.524925462132149;-3.033989266547535;-5.369409660105013;1
-0.7801431127014105;-4.639355992843856;-1.0518187239119063;-4.671496720331929;1
-1.1288610614193249;-6.039892665472882;-1.3577221228384209;-6.06434108526773;0
-7.645736434108578;-2.083363148475853;-7.701013714967354;-1.8779367918884442;1
-3.2635062611806895;-5.766308884909918;-2.9451401311867986;-6.959093619558669;1
-2.9451401311867986;-6.959093619558669;-1.9451997614789294;-6.837328562906324;1
-1.9451997614789294;-6.837328562906324;-1.3577221228384209;-6.06434108526773;0
1.4565295169944816;-5.208288610614454;1.494752534287207;-5.338938580796544;1
-8.029994036970892;-0.5167561121018692;-8.127131782945762;-0.16320810971612273;1
-0.8212880143113537;-6.257901013715027;-0.7950506857484837;-6.36607036374206;1
-2.38044126416233;-5.458258795466015;-2.4375670840788355;-5.2637447823495025;1
-6.757841383422916;-0.14943351222062917;-6.2367918902804425;-0.08694096600985736;0
-6.0494931425164555;-2.14192009540704;-5.925283243888121;-2.6036374478198203;1
0.017829457364291104;-5.374716756108248;0.0527131782943683;-5.509063804411093;1
-2.114311270125286;-2.4875372689322583;-0.9525342874180597;-2.3379248658287364;1
-1.7940966010734012;-5.377400119258427;-1.8261180679786162;-5.207573047104067;1
-5.826654740608332;-6.07125819916192;-5.626833631484878;-6.818783542039325;1
-5.137626714371083;-5.196601073344523;-4.821109123434921;-5.155933214071307;1
-5.2868813357186175;-5.179189028025397;-5.432319618366247;-4.6620751341662166;0
-4.594573643411075;-6.059749552770645;-5.002683363148654;-6.107155635059395;0
0.6412045319020101;-5.3026237328531085;0.6717352415025707;-5.425342874178908;0
-7.149493142516412;-0.19528920691554705;-6.757841383422916;-0.14943351222062917;1
-2.340250447227429;-1.9376863446603891;-2.5361955873586237;-1.9642218246850374;1
1.1885509838997086;-2.434525939175847;1.4866428145496118;-3.4985092426922924;0
-5.716756112105103;-0.024567680380619114;-6.2367918902804425;-0.08694096600985736;1
-5.579546809779515;-2.4937388193202983;-5.557841383422963;-2.5603458556935474;1
-7.6771615980920895;-6.292486583181737;-7.758437686344843;-5.997078115681218;0
-5.124388789505201;-5.754382826472683;-5.269290399523219;-5.2439475253403875;1
-0.8908169350031447;-5.276624925460191;-0.9435897435898687;-5.068932617768564;0
-8.220155038759742;-0.7177101967779629;-8.150089445438338;-1.4815146094181477;0
-5.783542039356214;0.2211687537269313;-5.66517590936205;-0.214490161000046;1
-5.665414430530943;-2.573047107929817;-5.682528324388819;-2.506261180677912;1
-5.682528324388819;-2.506261180677912;-5.579546809779515;-2.4937388193202983;1
-7.7408467501491804;-0.47143709003868195;-7.095110316040587;-0.39463327370068607;1
-1.4867024448422324;-4.722957662490271;-1.0518187239119063;-4.671496720331929;1
-6.812641621944171;0.056708407872928704;-6.705545617173713;-0.34603458556694133;0
-5.3832438878952455;-5.190459153249368;-5.146392367322736;-5.162731067379725;1
-7.1700059630292925;-0.12009540846426872;-7.788729874776511;-0.19445438282362712;1
-5.945259391771125;-3.764997018482411;-1.887537268932812;-3.2822898032197583;1
-5.476386404293408;-2.810793082883954;-5.4217650566489555;-2.9788312462729403;0
-5.4217650566489555;-2.9788312462729403;-2.0864639236733153;-2.5850924269528224;1
-6.233154442456811;-2.640667859269405;-6.31794871794875;-2.5861657722120466;0
2.481633870005732;-2.2799045915292795;-2.0199761478831886;-2.818187239116989;0
-5.12963625521767;-5.225104353008963;-5.365354800238599;-5.256887298743961;1
-2.193082886106252;-1.9197972570066553;-1.9469290399524768;-1.9066189624315404;1
-7.716577221228485;-0.6585569469263967;-7.590697674418695;-1.1329159212867983;1
-4.294692903995268;-7.1272510435291885;-4.631127012522609;-5.9294573643373925;0
-7.1324985092427164;-3.394752534283688;-2.0286225402506606;-2.787954680975823;1
-6.152713178294653;-2.394812164576084;-6.580083482409087;-2.462671437087213;0
-6.886523553965478;-0.5611210494916031;-6.82999403697094;-0.7904591532463667;1
-6.82999403697094;-0.7904591532463667;-7.359332140727546;-0.9233750745369125;1
-6.489087656529637;-2.005128205125558;-6.564221824686971;-1.6165175909342562;1
-7.565831842576297;-2.1355396541445812;-7.751699463327456;-2.0967203339296234;0
-7.2728085867623244;-2.100059630288829;-7.329457364341309;-1.8932021466891216;1
-7.329457364341309;-1.8932021466891216;-7.474657125820046;-1.9104353011295914;0
-7.474657125820046;-1.9104353011295914;-7.4179487179489705;-2.1176505664866103;1
-5.002683363148654;-6.107155635059395;-5.611747167561267;-6.177936791888007;0
-5.611747167561267;-6.177936791888007;-5.588849135360781;-6.261240310074232;0
-5.588849135360781;-6.261240310074232;-5.021824686941062;-6.190995825877351;1
-5.021824686941062;-6.190995825877351;-5.002683363148654;-6.107155635059395;0
-4.786225402504579;-5.072450805006425;-3.178115682767048;-4.984615384611763;1
-7.249552772808763;0.16338700059901554;-7.044603458557022;-0.579666070362838;0
-8.321407274895764;-2.4141323792463534;-5.6874180083484775;-2.0985092426949965;1
-7.636434108527312;-0.9605843768609158;-7.359332140727546;-0.9233750745369125;1
-7.359332140727546;-0.9233750745369125;-7.637567084078892;0.14013118664492458;0
-6.0784138342279155;-3.267441860465041;-5.9026833631486175;-3.924031007751645;1
-5.9026833631486175;-3.924031007751645;-6.896660703637605;-4.042158616576121;0
-6.896660703637605;-4.042158616576121;-6.961717352415167;-3.8797853309476817;0
-1.0616577221230488;-6.286702444839657;-0.8212880143113537;-6.257901013715027;0
-0.8212880143113537;-6.257901013715027;-0.8053070960047917;-6.106857483599206;0
-0.8053070960047917;-6.106857483599206;-0.5644603458558403;-6.003875968989636;0
-5.537030411449099;-5.814728682169244;-5.146809779368167;-5.771556350624505;1
-5.146809779368167;-5.771556350624505;-5.006559332140914;-5.664162194392269;0
-5.006559332140914;-5.664162194392269;-5.137626714371083;-5.196601073344523;0
-4.267262969588728;-5.448479427547228;-4.365951103160607;-5.377400119258427;0
-4.365951103160607;-5.377400119258427;-4.376684555754436;-4.896302921882492;1
-4.376684555754436;-4.896302921882492;-4.546153846153867;-4.456231365532847;1
-2.315921288014379;-1.7527728085840077;-2.3060822898032365;-2.07465712581629;0
-2.3060822898032365;-2.07465712581629;-2.2223017292786955;-2.0931425163946393;1
-2.2223017292786955;-2.0931425163946393;-2.154680977936989;-2.058020274296199;1
-2.154680977936989;-2.058020274296199;-2.2304114490162905;-1.7854502087038107;1
-2.2304114490162905;-1.7854502087038107;-2.315921288014379;-1.7527728085840077;0
-3.2013714967203444;-5.998926654739476;-1.9954084675015102;-5.853011329752471;1
-1.9954084675015102;-5.853011329752471;-2.0171735241504174;-5.761121049492454;1
-0.43613595706635216;-5.8980918306483545;-0.47728085867629544;-5.734287418007616;1
-0.47728085867629544;-5.734287418007616;-0.29689922480623276;-5.54943351222412;0
-0.29689922480623276;-5.54943351222412;0.48384019081688057;-5.459272510432354;1
-3.228205128205182;-5.898330351815659;-1.7008944543828832;-5.725223613594979;1
-1.7008944543828832;-5.725223613594979;-1.4360763267742211;-5.849970184853455;1
-1.4360763267742211;-5.849970184853455;-1.3577221228384209;-6.06434108526773;1
-10.453846153846325;-1.825879546809723;-11.193858079904661;-1.4169946332704613;0
-10.467799642218356;-0.5051878354177091;-10.643172331544578;-0.6488372093004952;1
-10.643172331544578;-0.6488372093004952;-10.489922480620338;-0.7496720333916166;1
-10.489922480620338;-0.7496720333916166;-9.521228384019178;-0.6410256410257376;1
-5.298747763864291;0.3155038759698233;-5.3254025044723265;0.4135957066221179;0
-5.298211091234414;-0.022182468690629946;-5.367143709004237;0.23446630888781658;1
-11.828264758497458;0.14311270125529255;-11.798389982110955;0.029218843174826897;1
-14.652355396541502;-1.336255217648644;-14.588550983899966;-1.568217054260701;1
-11.943768634466494;0.27227191413219876;-11.906917113893977;0.13446630888861502;0
-13.737686344663357;-2.2188431723308066;-13.630411449016362;-2.591949910554127;0
-3.8828264758498756;0.2502683363159876;-3.760703637447898;-0.18175313058735762;1
-12.76219439475272;-2.374776386403902;-12.781932021467098;-2.529099582586043;1
-15.429755515802233;-7.751937947976433E-4;-14.676386404293568;0.011627906977045481;1
-11.028026237328596;-0.3791890280255897;-11.116517590936258;-0.056231365529846485;0
-7.218843172331665;0.7546213476460137;-7.320333929636315;1.116636851524019;1
-7.4664281454980035;1.617113893858872;-7.912820512820664;1.7913536076358985;1
-12.748777579010302;-2.157662492542326;-13.048658318425844;-2.156052474655608;1
-9.779904591532686;0.7347048300553655;-9.86940966010748;1.0590339892662852;0
-11.0964818127609;-1.0661299940348934;-11.138461538461703;-0.8934406678559362;1
-12.109600477042559;0.2518187239140569;-12.137388193202174;0.36320810972299983;0
-5.81407274895651;0.3443053070986902;-5.891174716756284;0.6167561121053078;0
-4.007751937984625;0.5131782945753595;-4.066249254621603;0.7242695289233145;0
-10.731782945736688;0.51371496720709;-10.692903995229639;0.3572450805022639;1
-4.066249254621603;0.7242695289233145;-4.179964221824736;1.1313059034000807;0
-14.676386404293568;0.011627906977045481;-14.588849135360949;-0.0171138938546992;0
-10.619856887298926;-1.0039355992843109;-10.64090638044142;-0.8920095408436375;1
-8.536911150864798;2.145557543234909;-8.709123434704908;1.9581991651756532;0
-8.318187239117563;0.7305307096042399;-8.400298151461177;1.0185450208717244;1
-4.477221228384044;0.33381037567375405;-4.4097197376267845;0.07853309481472096;0
-12.835122242099251;1.130292188433742;-12.666129994037076;1.2752534287430561;0
-8.172391174716857;0.20488968395991503;-8.267859272510535;0.5629695885540988;1
-7.32337507453798;0.4413834227804091;-7.249552772808763;0.16338700059901554;0
-14.428682170542784;0.17155635062684782;-14.377936791890326;-0.026535480020411343;0
-3.941562313655482;0.4775790101380737;-3.8828264758498756;0.2502683363159876;0
-6.849314251639886;0.2109123434735362;-6.9326177698271705;0.4894454382824233;0
-8.290757304711022;-0.045319022063187345;-8.356350626118196;0.18223017293043983;0
-9.977817531306057;-0.9262969588543952;-9.891830649970446;-1.2345259391769543;0
-11.06064400715578;-1.7613595706620369;-11.208527131783105;-1.9615384615348588;0
-11.208527131783105;-1.9615384615348588;-11.154084675014925;-2.227012522358639;0
-11.154084675014925;-2.227012522358639;-11.269648181276319;-2.3206320810953813;1
-11.269648181276319;-2.3206320810953813;-12.041920095408496;-2.3323196183653123;1
-12.041920095408496;-2.3323196183653123;-12.557483601669873;-2.534227787714859;1
-12.557483601669873;-2.534227787714859;-13.198509242695346;-2.5581991651750995;0
-11.958378056052585;0.009958258797442653;-11.477817531305996;0.08610614192217445;0
-11.477817531305996;0.08610614192217445;-11.509421586166045;0.38330351818806696;1
-11.509421586166045;0.38330351818806696;-12.50983899821117;0.2868217054267269;0
-12.50983899821117;0.2868217054267269;-12.435957066189863;-0.01574239713528577;1
-12.435957066189863;-0.01574239713528577;-11.958378056052585;0.009958258797442653;0
-12.218604651162837;0.23840190817163803;-12.156052474657326;-0.012164579604539004;1
-5.783542039356214;0.2211687537269313;-5.81407274895651;0.3443053070986902;1
-7.934347048300678;0.2341681574276272;-8.356350626118196;0.18223017293043983;1
-12.398509242695377;-1.5163387000563988;-13.06774001192616;-1.3914132379235036;1
-10.781156827668672;-0.17334525938798423;-10.820870602266051;-0.018008348239504382;1
-10.820870602266051;-0.018008348239504382;-11.086940966011005;-0.04388789505088864;0
-10.826416219439503;-0.8239117471652044;-10.64090638044142;-0.8920095408436375;1
-13.513536076326853;-2.19099582587963;-13.048658318425844;-2.156052474655608;0
-14.584376863446721;-0.3432915921281145;-15.131305903398989;-0.41264162194019044;1
-15.131305903398989;-0.41264162194019044;-15.104651162790955;-0.5055456171707837;1
-5.030053667263104;0.6200357781758652;-4.473225998807602;0.6763267740028339;1
-13.675790101371641;1.5305307096020893;-13.585986881335863;1.1995825879571695;1
-13.585986881335863;1.1995825879571695;-13.500119260584434;1.2096004770432607;1
-6.823494335122446;2.3377459749585547;-6.509004174120551;1.2134168157455485;1
-5.478354203935848;-0.041383422775128915;-4.866189624329215;0.023792486585821473;1
-4.264639236732494;0.09588550984096127;-4.866189624329215;0.023792486585821473;1
-15.059988073941826;-0.9423971377427556;-15.248121645796143;-0.8474060822865995;0
-15.248121645796143;-0.8474060822865995;-15.52343470483027;-0.8877757900996267;1
-13.415503875969033;-1.4404889683960935;-13.06774001192616;-1.3914132379235036;1
-6.812641621944171;0.056708407872928704;-6.849314251639886;0.2109123434735362;1
-12.774180083482577;-1.430590339891536;-12.726416219439692;-1.2294573643410236;1
-12.90101371496741;-1.7333333333322045;-12.552295766249495;-1.7912939773387762;0
-13.595945140131452;-1.8215861657685901;-14.635480023852253;-1.9515205724487679;1
-10.73172331544433;-0.39666070363760053;-10.90292188431731;-0.5320214669025468;0
-3.85921288014324;-3.5161001788900736;-3.6546213476448384;-4.246213476444117;0
-12.300655933214095;-1.6605843768595636;-11.909660107334657;-1.609004174119688;1
-14.32504472271942;-2.67698270721284;-13.630411449016362;-2.591949910554127;0
-3.684615384615522;0.769171138940542;-4.473225998807602;0.6763267740028339;1
-14.50638044126426;0.02116875372852818;-14.496064400715596;0.13822301729378064;1
-7.389266547406139;1.7039355992871958;-7.55527728085874;1.5171735241525557;1
-11.708348240906549;0.1563506261190556;-11.776923076923298;0.4044722719165951;0
-12.901967799642453;-1.5819320214633092;-12.899761478831383;-1.9425163983290157;1
-9.745020870602344;0.7378652355401523;-9.830590339892789;0.7301132975582799;1
-14.330769230769409;-1.290757304711038;-13.32921884317244;-1.1768634466305723;0
-13.32921884317244;-1.1768634466305723;-13.347644603458699;-1.099105545614886;0
-13.347644603458699;-1.099105545614886;-13.179606440071831;-1.0844364937388242;0
-10.322420989863081;-0.11627906976621782;-10.365772212284094;0.039833035185533626;1
-10.365772212284094;0.039833035185533626;-10.12254025044727;0.0691711389418941;0
-10.12254025044727;0.0691711389418941;-10.217829457364411;0.4133571854505768;0
-6.99433512224235;1.5583780560532658;-7.076207513417072;1.4654144305340242;1
-7.076207513417072;1.4654144305340242;-7.275014907573128;1.5412641621943297;1
-7.275014907573128;1.5412641621943297;-7.194871794871954;1.632259988073779;0
-14.72432915921299;-0.7206320810954455;-15.104651162790955;-0.5055456171707837;0
-5.3254025044723265;0.4135957066221179;-5.400894454383;0.6763267740028339;0
-5.400894454383;0.6763267740028339;-6.411627906976789;0.5534883720955014;0
-2.7577817531307205;-2.873941562312227;-2.425939177102055;-4.076386404289757;1
-13.179606440071831;-1.0844364937388242;-13.198509242695346;-2.5581991651750995;0
-2.8995825879547183;0.37346451997639485;-4.207036374478467;0.20966010733565635;1
-1.827787716159808;-3.4916517590909883;-5.179010137149919;-3.952176505663011;1
-3.0895646988670302;1.0652355396543252;-3.1900417412045474;1.0358378056050794;0
-3.1900417412045474;1.0358378056050794;-3.008825283243889;0.3597495527737866;0
-3.008825283243889;0.3597495527737866;-2.837388193202282;0.14692903995334344;0
-12.01991651759096;0.8047704233778278;-12.278234943351395;0.6160405485991585;0
-12.07346451997619;1.475193798452811;-12.16601073345265;1.4311270125232665;1
-12.16601073345265;1.4311270125232665;-12.078115682766956;0.3704233750773786;1
-10.51663685152073;-0.31967799642094885;-10.25670840787146;-1.2771019677970779;0
-7.637567084078892;0.14013118664492458;-7.667501490757485;0.3990459153275897;0
-7.667501490757485;0.3990459153275897;-6.411627906976789;0.5534883720955014;0
-12.51985688729885;0.20131186642916823;-11.486523553965558;0.3286225402520528;0
-11.448300536672834;0.1849731663692667;-12.48539057841394;0.07072152653572636;1
-11.852116875372722;-1.2944543828233182;-11.928562909958437;-1.3471675611195402;0
-11.928562909958437;-1.3471675611195402;-11.885211687537426;-1.9359570661879009;1
-11.885211687537426;-1.9359570661879009;-11.860763267740193;-2.1494931425144936;0
-11.860763267740193;-2.1494931425144936;-11.779964221824962;-2.1829457364333313;0
-15.82617769827094;-2.0995825879542207;-14.757423971377694;-2.004949314251139;1
-8.687537268932804;1.501252236138614;-7.8158616577223325;1.1829457364370788;1
-7.8158616577223325;1.1829457364370788;-7.791353607632745;1.1041144901621684;0
-7.791353607632745;1.1041144901621684;-7.871675611210721;1.0844364937388242;0
-8.35002981514624;0.6166964818166595;-8.267859272510535;0.5629695885540988;1
-8.267859272510535;0.5629695885540988;-8.2250447227194;0.6319022063244518;0
-9.333035181872505;1.2223017292795302;-12.026296958855275;0.8912939773417252;0
-5.776982707215364;0.9361359570660672;-5.861240310077691;1.1775790101409584;1
-5.861240310077691;1.1775790101409584;-6.26052474657126;1.4508050089466107;0
-8.2250447227194;0.6319022063244518;-8.318187239117563;0.7305307096042399;1
-8.318187239117563;0.7305307096042399;-8.35002981514624;0.6166964818166595;0
-6.559511031604115;1.0782945736436693;-6.494036970781386;1.191949910556831;1
-6.494036970781386;1.191949910556831;-6.6723911747169184;1.2456768038193917;1
-6.6723911747169184;1.2456768038193917;-6.9677996422184965;2.3189624329157787;1
-7.871675611210721;1.0844364937388242;-8.719797257006647;1.030649970187615;0
-8.719797257006647;1.030649970187615;-8.806917113894102;1.3612403100794601;0
-8.806917113894102;1.3612403100794601;-8.400834824090788;1.8376267143725393;1
-13.131365533691161;1.5954084675028504;-13.019379844961309;1.2761478831278614;0
-13.019379844961309;1.2761478831278614;-12.835122242099251;1.130292188433742;0
-12.835122242099251;1.130292188433742;-12.14245676803837;1.040011926060442;1
-8.119499105545687;1.7310077519393376;-7.701550387596966;1.819022063208419;0
-7.701550387596966;1.819022063208419;-6.875193798449682;1.5144305307094919;0
-6.875193798449682;1.5144305307094919;-6.842516398330408;1.3612403100794601;1
-14.163923673226213;-4.659630292187579;-14.203220035778427;-4.521526535479569;1
-13.071377459749794;-4.033989266544053;-13.047763864043157;-4.119737626713152;1
-12.65026833631496;-4.33303518187244;-12.72039355992872;-4.085688729873936;0
-13.97740011926073;-4.636791890279448;-13.928622540250712;-4.806380441262267;1
-12.0467501490758;-4.1936195587336655;-12.0467501490758;-4.259332140726346;1
-12.932319618366211;-5.681932021464469;-12.762492546213705;-5.658556946928845;0
-12.461776982707303;-4.450983899818262;-12.570721526535754;-4.070065593320184;0
-14.432081097197523;-5.507632677398794;-14.669290399523106;-4.584555754322071;1
-14.962432915921525;-4.757543231961217;-14.907990459153345;-4.928085867617489;1
-14.907990459153345;-4.928085867617489;-15.443709004174263;-5.0022063208095435;1
-12.90602265951125;-5.7713178294572005;-12.971317829457442;-5.553428741800826;1
-12.190280262373344;-4.204531902204561;-12.16326774001197;-4.303160405484349;1
-12.342158616577377;-4.114192009538376;-12.281812760882671;-4.316875372686958;0
-12.92993440667887;-4.365414430527817;-12.500477042337549;-4.315682766841963;1
-12.0467501490758;-4.259332140726346;-12.500477042337549;-4.315682766841963;0
-13.316875372689509;-4.409242695285821;-13.033929636255309;-4.343530113297376;1
-13.033929636255309;-4.343530113297376;-13.090697674418738;-4.124209898628704;1
-13.117173524150502;-3.7354203935587464;-13.042277877161796;-4.006618962431721;1
-13.042277877161796;-4.006618962431721;-13.362671437090219;-4.0668455575425115;0
-12.90602265951125;-5.7713178294572005;-12.818604651162813;-6.146571258198969;1
-12.818604651162813;-6.146571258198969;-12.535658914728876;-5.995945140129108;1
-12.535658914728876;-5.995945140129108;-12.90602265951125;-5.7713178294572005;1
-10.711866428145774;-5.221645796063987;-10.607930828861162;-5.62814549791326;1
-10.607930828861162;-5.62814549791326;-10.295885509839229;-5.754144305305379;1
-10.295885509839229;-5.754144305305379;-9.568515205724541;-5.652355396540804;1
-11.907334525939406;-3.611568276680838;-12.254800238521295;-3.6855098389984735;0
-12.254800238521295;-3.6855098389984735;-12.161180679785348;-4.0183064997016515;1
-12.762492546213705;-5.658556946928845;-12.107036374478415;-5.572748956466859;0
-12.107036374478415;-5.572748956466859;-11.930232558139629;-5.691890280261911;1
-11.930232558139629;-5.691890280261911;-12.21109123434721;-5.838461538457943;1
-12.21109123434721;-5.838461538457943;-12.419141323792704;-5.831604054856639;0
-12.419141323792704;-5.831604054856639;-12.762492546213705;-5.658556946928845;0
-12.161180679785348;-4.0183064997016515;-13.539355992844557;-4.17096004770419;1
-9.757722122838613;-5.025879546809595;-9.740906380441455;-5.087477638639799;1
-9.757722122838613;-5.025879546809595;-11.230172927847565;-5.2296958855060485;1
-11.95569469290426;1.0624925462154984;-11.9758497316638;1.4064997018497623;1
-11.9758497316638;1.4064997018497623;-12.070840787119955;1.4425760286258933;0
-11.452772808586797;1.3545617173525748;-11.364579606440119;1.5517590936192658;1
-2.4556946929041104;3.9870602265983845;-2.5239713774598753;3.8073941562323528;0
-3.240608228980468;3.9870602265983845;-3.1041144901610287;3.7808586762077043;0
-1.5621943947526407;4.036076326773852;-1.5745974955279265;3.697137745975519;0
-1.5745974955279265;3.697137745975519;-1.703577817531473;3.4633870005980887;0
0.2627310673820401;3.5457364341108604;0.4419797257005231;3.5521765056662047;1
0.4419797257005231;3.5521765056662047;0.4388789505067679;3.650208706025614;1
1.4051282051279654;3.715086463926375;1.22069171138937;3.8727489564719586;1
1.22069171138937;3.8727489564719586;1.1865235539651773;4.05849731664026;1
-2.2354203935601307;3.166368515206615;-2.3595110316042835;3.239833035185405;1
-2.3595110316042835;3.239833035185405;-2.3005963029221403;3.529755515804034;0
-11.461180679785375;1.7902802623766745;-11.40017889087661;1.579546809781794;1
-11.40017889087661;1.579546809781794;-11.007930828861147;1.3055456171771072;1
-11.007930828861147;1.3055456171771072;-11.003518187239274;1.1887298747791588;1
-11.003518187239274;1.1887298747791588;-11.95569469290426;1.0624925462154984;1
-8.191949910554696;-2.884376863444278;-8.348598688133677;-2.315503875966565;0
-9.08032200357788;-1.8998211091231216;-8.985152057245186;-2.2444245676777643;0
-8.985152057245186;-2.2444245676777643;-9.112880143112971;-2.2833035181856074;1
-9.112880143112971;-2.2833035181856074;-8.462552176505703;-2.198211091234009;1
-8.462552176505703;-2.198211091234009;-8.599522957662664;-2.2056648777556918;0
-8.599522957662664;-2.2056648777556918;-8.696779964221978;-1.8539057841353186;1
-8.696779964221978;-1.8539057841353186;-9.08032200357788;-1.8998211091231216;0
-8.348598688133677;-2.315503875966565;-9.116457960644247;0.4732856291011776;0
-8.868395945140389;-2.969111508642802;-8.444484197972784;-2.4838998211086265;1
-8.444484197972784;-2.4838998211086265;-8.305485986881557;-2.4719141323785063;0
-9.577817531306072;-2.5666666666631213;-9.516935002981754;-2.7859868813360307;1
-9.516935002981754;-2.7859868813360307;-9.885867620751565;-2.832617769825746;0
-9.885867620751565;-2.832617769825746;-9.947048300536867;-2.612581991650924;0
-9.763983303518215;-2.5898032200356784;-9.693619558736092;-2.8081097197337757;1
-10.419260584376968;-2.6713178294565303;-9.121943947525608;-2.5099582587944296;1
-8.748062015504049;-2.3629099582553152;-8.781872391174902;-2.2425760286195056;0
-4.264639236732494;0.09588550984096127;-4.207036374478467;0.20966010733565635;1
-2.977101967799658;0.6557543231989216;-2.880679785331203;0.696183661300597;1
-2.880679785331203;0.696183661300597;-2.98306499701854;1.0898032200391812;1
-2.98306499701854;1.0898032200391812;-3.099344066786082;1.1009540846773815;1
-10.611329755515902;5.574716756115126;-10.75128205128217;5.967143709004478;0
-9.306678592725188;5.857006559333415;-9.397137745975025;5.626177698273468;0
-12.220155038759847;5.9389982110931125;-12.16213476446039;5.505426356591697;1
-11.000715563506503;5.291234347051841;-11.223076923077105;5.550745378654885;0
-9.752951699463402;5.391949910557192;-10.207155635062673;5.881991651759994;0
-11.563029218843365;5.5400119260584075;-11.669230769230872;5.444663088849177;0
-11.669230769230872;5.444663088849177;-11.838401908169583;5.522301729279093;0
-11.155873583780828;5.752415026837128;-12.251460942158648;6.07996422182572;0
-12.251460942158648;6.07996422182572;-12.318604651162833;6.450089445438672;0
-10.207155635062673;5.881991651759994;-10.611329755515902;5.574716756115126;1
-10.611329755515902;5.574716756115126;-11.666547406082547;6.401192605844738;1
-9.119499105545648;5.9158616577247916;-9.306678592725188;5.857006559333415;0
-9.306678592725188;5.857006559333415;-9.338103756708435;5.9693500298158115;1
-8.368395945140144;2.5550387596903126;-8.482468694096617;2.670005963030002;0
-8.482468694096617;2.670005963030002;-8.626714370900576;2.6649373881940717;0
-8.626714370900576;2.6649373881940717;-8.735420393560135;2.5075730471086772;1
-7.361598091830706;-3.44126416219187;-8.017829457364499;-3.516815742396223;1
-7.256529516994778;-3.8174120453184437;-7.909838998211355;-3.909063804411157;0
-9.8755515802029;-2.1616577221190325;-9.81258199165196;-2.3996422182447104;0
-6.981633870006081;-2.487656529513792;-6.6589743589745;-2.4547406082266847;0
-6.6589743589745;-2.4547406082266847;-6.7262969588552215;-2.222957662489047;0
-10.095050685748376;-2.4350626118033407;-10.223613595706757;-1.9521168753691467;1
-10.223613595706757;-1.9521168753691467;-10.453846153846325;-1.825879546809723;0
-9.964579606440175;-2.418723911743439;-9.665235539654246;-2.381156827666361;1
-9.665235539654246;-2.381156827666361;-9.734168157424069;-2.1437090041724134;1
-9.734168157424069;-2.1437090041724134;-10.0278473464521;-2.1810375670821873;1
-10.0278473464521;-2.1810375670821873;-9.964579606440175;-2.418723911743439;1
-9.175491949910572;-2.3197972570034615;-10.467561121049728;-2.4818127608788267;1
-10.273524150268353;-1.7382230172894795;-10.29576624925478;-1.6604651162780302;1
-10.29576624925478;-1.6604651162780302;-10.702862254025227;-1.6883124627292065;0
-8.914251639833187;-0.2752534287383297;-9.278473464520143;-0.32188431723228217;0
-9.278473464520143;-0.32188431723228217;-9.204889683959554;-0.6482409063801163;0
-9.204889683959554;-0.6482409063801163;-8.821168753727116;-0.5990459153217559;0
-4.3935002981515945;-4.8370900417380405;-4.603100775193836;-4.861001788905395;1
-1.9944543828264678;-4.9901610017865385;-1.7886106141920401;-4.963148479427282;0
-4.365951103160607;-5.287954680977046;-4.104353011329882;-5.253667262966289;1
-1.8775193798451322;-4.532617769824884;-2.064758497316764;-4.556410256406468;0
-2.5401311866429745;-4.442456768037355;-2.695587358378284;-4.461657722121853;1
-2.433273703041145;-4.6907573047093125;-2.693321407275125;-4.724448419795454;1
5.99540846750135;4.827012522363301;5.597018485390467;4.8275491949907945;0
-6.6938580799048415;6.385986881336946;-5.135897435897536;6.283422778773336;0
-5.135897435897536;6.283422778773336;-4.765235539654177;6.171437090044014;0
5.249910554561653;4.512939773405776;5.388550983899805;4.617769827073604;0
5.276744186046491;4.650447227193408;5.249910554561653;4.512939773405776;1
5.677340488968178;4.536195587359868;6.404233750745343;3.9516398330355176;1
6.404233750745343;3.9516398330355176;7.003041144901384;3.6720930232560547;1
7.003041144901384;3.6720930232560547;10.565235539653944;2.2776982707221833;0
10.565235539653944;2.2776982707221833;11.468276684555573;2.010196779965726;0
5.677340488968178;4.536195587359868;5.5898032200355585;4.67734048897113;0
5.136612999403685;5.053428741800582;5.262969588550997;4.850983899823541;1
5.389803220035566;4.893023255816171;5.136612999403685;5.053428741800582;0
4.945974955277049;4.810435301136096;-0.24949314251642338;6.148658318428769;1
-0.24949314251642338;6.148658318428769;-4.2691711389388125;6.2497912939800795;0
5.218008348240884;4.807513416818613;4.945974955277049;4.810435301136096;1
-4.2691711389388125;6.2497912939800795;-4.4979725700658175;6.270661896244182;1
-4.481633870006181;6.169707811571526;-4.2691711389388125;6.2497912939800795;1
-4.690638044126455;6.119558735839712;-4.631067382230253;6.0272510435337345;1
-4.609660107334685;6.398986285033405;-4.69367918902812;6.301192605845537;0
-4.552772808586808;6.30143112701284;-4.609660107334685;6.398986285033405;0
-4.125223613595837;3.6217650566498216;-3.6384615384617387;3.703100775196255;1
-3.6384615384617387;3.703100775196255;-3.6255813953489318;3.9836016696491714;0
-3.6255813953489318;3.9836016696491714;-3.8771615980919774;4.287060226595989;1
-3.8771615980919774;4.287060226595989;-3.8078115682767235;4.311329755516419;0
-7.129576624925498;2.400834824093942;-7.5753130590341;2.3444841979740882;0
-7.569051878354234;2.273762671438362;-7.105068574836175;2.3330351818756982;0
-6.85074537865245;2.939892665476449;-6.560465116279158;3.1963625521762395;0
-6.560465116279158;3.1963625521762395;-6.582349433512246;3.4082289803232295;1
-6.582349433512246;3.4082289803232295;-6.454859868813619;3.555694692904066;0
-6.454859868813619;3.555694692904066;-5.084615384615466;3.9480620155047705;1
-5.084615384615466;3.9480620155047705;-4.735658914728924;3.88276684555805;1
-4.735658914728924;3.88276684555805;-3.965533691115193;4.009063804414596;0
-3.965533691115193;4.009063804414596;-3.8110316040549255;4.124329159214475;1
-3.616935002981725;4.351341681576371;-3.30751341681576;4.349731663685417;0
-3.8078115682767235;4.311329755516419;-3.5354203935600785;4.453965414432866;1
1.2096004770422013;1.4813953488408511;0.8387596899223053;1.433810375673445;1
0.8736434108526473;1.3178294573674167;0.3257006559329812;1.2538461538472239;1
1.1914728682169264;1.5415026833658707;1.2750149075728392;1.2645796064437012;1
1.2750149075728392;1.2645796064437012;0.9037567084077777;1.2177698270753299;0
0.9037567084077777;1.2177698270753299;0.8171138938578448;1.5058437686356996;1
4.006499701848334;3.9307096004785302;4.102921884317054;3.9004770423373647;1
2.9669051878354407;7.567859272510563;3.203279666070164;7.497078115686189;0
3.203279666070164;7.497078115686189;3.679904591532401;7.021407274899259;1
3.679904591532401;7.021407274899259;3.7537865235539734;6.7238521168760546;0
3.7537865235539734;6.7238521168760546;4.4380441264160115;6.238401908170338;1
4.4380441264160115;6.238401908170338;5.00775193798432;6.008228980323655;1
5.00775193798432;6.008228980323655;5.241264162194181;6.231365533694615;0
5.241264162194181;6.231365533694615;5.600298151460759;6.233333333334407;1
4.623852116875344;4.825283243890813;4.870184853905657;4.616875372693037;1
4.870184853905657;4.616875372693037;4.518306499701632;4.496899224806064;1
4.518306499701632;4.496899224806064;4.639892665473997;4.273762671439341;0
4.639892665473997;4.273762671439341;4.313595706618783;4.202206320811695;1
4.313595706618783;4.202206320811695;4.454025044722574;4.007215265356336;1
4.454025044722574;4.007215265356336;4.115265354800249;3.920155038760709;1
4.115265354800249;3.920155038760709;3.984138342277724;3.7264758497318793;0
3.984138342277724;3.7264758497318793;3.670602265950871;3.6932021466916973;0
4.196004770423389;4.229815146095567;4.311031604054641;4.194036970783862;0
6.994215861657639;5.536732259987851;6.542874180083495;5.583780560527763;1
6.542874180083495;5.583780560527763;6.229695885509716;5.726177698272669;0
6.229695885509716;5.726177698272669;6.0121645796064165;6.05032796660917;0
6.0121645796064165;6.05032796660917;5.600298151460759;6.233333333334407;1
-12.70157791302083;6.414016403293572;-10.415682766845691;6.415384615386191;1
-10.415682766845691;6.415384615386191;-9.119499105545648;5.9158616577247916;1
-9.119499105545648;5.9158616577247916;-7.804174120453196;5.913714967206344;1
-7.804174120453196;5.913714967206344;-7.4512224209899465;5.7419797257008405;1
-12.558913495001818;7.164881761288437;-12.453667262969708;7.237805605250449;1
-12.453667262969708;7.237805605250449;-12.354502087060308;7.675193798449914;0
