x1;y1;x2;y2;proper
-9.67177192463471;-5.8505860785719905;-9.593910148376802;-5.202948621819171;0
-9.593910148376802;-5.202948621819171;-9.535457065617173;-4.247496096251175;1
-9.535457065617173;-4.247496096251175;-9.903087230778189;-2.988655045986516;1
1.3319357789962842;-7.375019776713683;3.045916366863817;-9.65616551904114;1
-1.7621050676533812;-10.32911372813188;-2.43982032426889;-9.032476801055656;0
-2.43982032426889;-9.032476801055656;-3.1845012485121;-6.791169955907737;1
-4.726641123179264;-2.4567887434350593;-4.35254139351815;-2.37313840947293;1
-4.35254139351815;-2.37313840947293;-4.306119430705614;-2.091088097511136;0
-4.306119430705614;-2.091088097511136;-4.614048000659738;-1.9574972656544285;1
-4.614048000659738;-1.9574972656544285;-4.947514325218082;-2.0531787195666737;0
-4.947514325218082;-2.0531787195666737;-5.000746355925379;-2.306059240712331;1
-5.000746355925379;-2.306059240712331;-4.726641123179264;-2.4567887434350593;1
-3.331939218424126;-6.291197471329717;-3.5733561252771016;-6.450666561188835;0
-3.5733561252771016;-6.450666561188835;-3.527728670385277;-6.678009327730776;0
-3.527728670385277;-6.678009327730776;-3.1845012485121;-6.791169955907737;0
-3.1845012485121;-6.791169955907737;-2.8536454499801733;-6.6486125346488425;0
-2.8536454499801733;-6.6486125346488425;-2.8974568867667956;-6.374280299643484;1
-2.8974568867667956;-6.374280299643484;-3.331939218424126;-6.291197471329717;1
-10.003762734482514;-5.596457044980582;-6.506338866226731;-5.955574625277052;1
-6.506338866226731;-5.955574625277052;-3.5918568097237884;-6.563940690498694;0
-3.9988718675403105;-4.464396758679381;-3.956308943200952;-4.937128971676341;1
-3.956308943200952;-4.937128971676341;-4.237905250630649;-5.157548169192135;0
-4.237905250630649;-5.157548169192135;-5.532158653944739;-5.3400579887634665;1
-5.532158653944739;-5.3400579887634665;-11.455215205023967;-5.3592396799974615;0
-6.432676631836158;3.944675077219004;-6.466726971307948;4.1691803154626825;1
-6.466726971307948;4.1691803154626825;-6.742534721027376;4.290399523986708;1
-6.742534721027376;4.290399523986708;-7.196879750710043;4.056246689551518;0
-7.196879750710043;4.056246689551518;-6.845480247363454;3.775331388910642;0
-6.845480247363454;3.775331388910642;-6.432676631836158;3.944675077219004;0
-9.868355884517579;-7.317247700737836;-9.67177192463471;-5.8505860785719905;0
-9.680511511766058;-7.440055925106308;-5.6296561259652105;-7.712685643134322;1
-5.6296561259652105;-7.712685643134322;-5.107210417339973;-8.276786267049847;1
-5.107210417339973;-8.276786267049847;-5.214695988938554;-9.051544991156753;1
-7.668022947864572;-7.543795959357554;-7.669271460311836;-7.986450372491319;1
-7.669271460311836;-7.986450372491319;-7.1201529857675085;-8.719440680183611;1
-7.1201529857675085;-8.719440680183611;-7.397095746802813;-9.639140349308018;1
-9.090192126460519;10.32911372813188;-8.096489719548861;8.489260385351473;0
-8.096489719548861;8.489260385351473;-7.210159383103894;5.368092768258686;1
-3.350439902870309;4.2746228666912724;-3.147045875093182;4.187340496516723;1
-3.147045875093182;4.187340496516723;-3.0287776959952764;4.3094677140878055;0
-3.0287776959952764;4.3094677140878055;-3.2201406038258154;4.396296079738827;0
-3.2201406038258154;4.396296079738827;-3.350439902870309;4.2746228666912724;1
-6.432676631836158;3.944675077219004;-5.913295453763387;4.052614653339097;0
-3.735889745688182;5.959093160356575;-3.2201406038258154;4.396296079738827;1
-3.0287776959952764;4.3094677140878055;-0.34356792526783964;4.459856713419904;1
9.422750441966766;1.086830085369479;9.002455751756392;1.3154213643491068;0
9.002455751756392;1.3154213643491068;8.600661745991696;1.0194104132101847;1
8.600661745991696;1.0194104132101847;9.092008144566226;0.7748154746773892;0
9.092008144566226;0.7748154746773892;9.422750441966766;1.086830085369479;0
13.781874901116904;1.175587970255577;0
13.781874901116904;1.175587970255577;9.422750441966766;1.086830085369479;1
8.600661745991696;1.0194104132101847;4.145174826137468;0.8239614646497448;1
0.07990479662689046;0.6575688057644792;-0.20838807756567754;3.3624142722494397;1
3.97004258012186;0.8240749657745784;-1.4781252364605428;0.5901491336051848;0
4.145174826137468;0.8239614646497448;4.0423428009332785;0.8795770191166546;1
4.0423428009332785;0.8795770191166546;3.97004258012186;0.8240749657745784;1
3.97004258012186;0.8240749657745784;4.062546002352773;0.7652813796268407;0
4.062546002352773;0.7652813796268407;4.145174826137468;0.8239614646497448;1
-1.4781252364605428;0.5901491336051848;-1.9849077889287878;0.829409518964344;1
-1.9849077889287878;0.829409518964344;-2.3106560365402737;0.5066123007678895;1
-2.3106560365402737;0.5066123007678895;-1.8172666175972667;0.2859661009943638;1
-1.8172666175972667;0.2859661009943638;-1.4781252364605428;0.5901491336051848;0
-1.9849077889287878;0.829409518964344;-2.824362158034666;3.2441460931565747;1
-0.010101600709495418;0.2880091213623385;-0.6095010765405439;-1.481246517577946;0
-1.4832327873809836;0.5049097837986096;-0.010101600709495418;0.2880091213623385;0
-0.6765802452996312;-2.0226469151799513;2.2675256065434803;-2.3386340654750923;1
4.0423428009332785;0.8795770191166546;3.6239776299589894;2.465074326047921;0
-1.8172666175972667;0.2859661009943638;-1.1552145171382466;-1.7045032433839378;1
-0.8939349122599347;-2.2125343082928937;-0.6765802452996312;-2.0226469151799513;1
-0.6765802452996312;-2.0226469151799513;-0.8425188996578402;-1.7500171971438723;1
-0.8425188996578402;-1.7500171971438723;-1.4486149422517596;-1.8494441884014368;0
-1.4486149422517596;-1.8494441884014368;-1.3638295969672005;-2.1678148624551823;1
-1.3638295969672005;-2.1678148624551823;-0.8939349122599347;-2.2125343082928937;1
-15.933288850061336;4.442718042553883;-12.557311192586807;4.689015498064023;0
-12.557311192586807;4.689015498064023;-11.382460979686499;5.046544062516047;1
-11.382460979686499;5.046544062516047;-9.59152662461366;5.93923046232519;0
-9.59152662461366;5.93923046232519;-9.306865786631496;6.352034077853494;0
-9.306865786631496;6.352034077853494;-9.29846670289481;6.7990015339890055;1
-9.29846670289481;6.7990015339890055;-10.993606102920994;9.053474510399894;0
4.614388504055409;0.9628868496881534;8.447889222895952;1.128485000651196;0
4.614388504055409;0.9628868496881534;4.098752863324428;-0.6572283023657843;1
4.098752863324428;-0.6572283023657843;2.478183706740913;-2.4796024708814755;1
-6.4913567168590625;3.2806934575223874;-6.617342972903827;3.6580847199977318;1
-6.617342972903827;3.6580847199977318;-6.641972718454941;3.7966696016455104;1
-6.524499047277747;4.530000412728433;-6.9951882399067316;4.896836069973274;1
-5.999896817152644;3.969758827291127;-6.0425732426238925;4.152609150253088;0
-7.3347836255695045;3.5670568124778628;-6.428817593362981;3.631184951815366;1
-6.428817593362981;3.631184951815366;-5.999896817152644;3.969758827291127;1
-6.0425732426238925;4.152609150253088;-6.524499047277747;4.530000412728433;0
-0.7239102171652723;6.022653794037652;-3.735889745688182;5.959093160356575;0
-0.34356792526783964;4.459856713419904;-0.36138760292469735;5.828793861305529;1
-0.36138760292469735;5.828793861305529;-0.7239102171652723;6.022653794037652;1
-0.34356792526783964;4.459856713419904;3.0949488557027705;4.317980298958399;1
-4.726641123179264;-2.4567887434350593;-3.9988718675403105;-4.464396758679381;0
-3.3869872672361216;-6.158514648528131;-3.5943538346183157;-5.6154117339568455;1
-2.813693051666728;-6.516610718636581;0.5681866646494569;-6.49584001155814;0
0.5681866646494569;-6.49584001155814;5.120830553129495;-6.955860097815658;1
3.1075474813072974;-6.480403857661399;-2.92208663231791;-5.397489561332554;0
-2.92208663231791;-5.397489561332554;-3.3090119898463235;-5.275702847160167;0
-3.3090119898463235;-5.275702847160167;-3.8187455717356484;-4.791620521002415;0
-7.6279570484197405;-2.9311099722764653;-7.6656394241019346;-3.1854660081336705;1
-7.6656394241019346;-3.1854660081336705;-8.654234280092648;-3.3960106072002207;0
-8.654234280092648;-3.3960106072002207;-9.035598082174571;-3.6446915864689657;0
-9.035598082174571;-3.6446915864689657;-9.08451706988214;-4.746106567242481;0
-9.08451706988214;-4.746106567242481;-9.484268055278354;-4.989339492204691;0
-7.740096166412714;-2.6464491342983343;-7.6279570484197405;-2.9311099722764653;1
-11.5062907142314;-2.7845800114145196;-9.063746362804201;-1.4836300413446155;0
-9.063746362804201;-1.4836300413446155;-8.837765609844437;-1.5259659634156575;1
-8.837765609844437;-1.5259659634156575;-8.477286015972341;-2.038877576990851;1
-8.477286015972341;-2.038877576990851;-7.571773988291868;-2.177348957505731;1
-7.571773988291868;-2.177348957505731;-7.740096166412714;-2.6464491342983343;1
-7.6656394241019346;-3.1854660081336705;-7.015391441326226;-3.7786229217243683;0
-7.015391441326226;-3.7786229217243683;-7.090302188164062;-3.9747528770821976;0
-7.015391441326226;-3.7786229217243683;-6.427115076389165;-3.186033513790097;1
-6.427115076389165;-3.186033513790097;-5.556674898364467;-3.2675273262594176;1
-5.556674898364467;-3.2675273262594176;-6.169581008852644;-2.4424876008592364;0
-0.8194781699486515;-9.060057576027347;-0.8586360603408817;-8.090644411274159;0
-0.8586360603408817;-8.090644411274159;-1.0339953086192613;-7.891903929891927;0
-0.973726207754935;-2.2326240085820106;-0.13971989296466408;-4.585842969461139;0
-0.13971989296466408;-4.585842969461139;1.5046845012487502;-4.913407235182868;0
6.365937966472742;-5.538003962223474;8.248467734724397;-0.9146488687709192;1
2.2675256065434803;-2.3386340654750923;3.8927483095213873;-0.5104713392461071;0
3.8927483095213873;-0.5104713392461071;4.132803202796217;0.0707679555354373;1
4.132803202796217;0.0707679555354373;4.062546002352773;0.7652813796268407;1
1.5046845012487502;-4.913407235182868;6.365937966472742;-5.538003962223474;1
4.359010958018752;-5.323827326944502;4.437326738803213;-5.053240629276398;0
5.469619530449665;-6.272810288017944;5.575516086206321;-5.925156322015163;1
5.575516086206321;-5.925156322015163;6.200226314377809;-6.016297730667931;0
4.359010958018752;-5.323827326944502;4.2907967779442915;-5.496916552590119;0
4.2907967779442915;-5.496916552590119;4.943541785614023;-6.183030892943827;1
4.943541785614023;-6.183030892943827;6.443799742731153;-6.43954345029384;0
-12.232811457423088;-1.833327027715371;-11.112441787676838;-2.1283164686662737;1
-11.112441787676838;-2.1283164686662737;-11.63851953251248;-2.743833105187924;1
-11.63851953251248;-2.743833105187924;-11.691978565483055;-3.047902636665847;0
-9.351017726812781;3.051648174011166;-9.42320444649231;2.9803694633817193;0
-9.42320444649231;2.9803694633817193;-11.808884731001806;2.8366770308099714;0
-10.836407035694135;-0.8189674148586741;-11.449994152971636;-0.07178946571539227;1
-10.349600682382109;-0.8929701526454208;-11.2035831963291;0.04420869074370156;1
-11.449994152971636;-0.07178946571539227;-9.981857016089203;0.45338027006764925;0
-9.981857016089203;0.45338027006764925;-9.521836929828154;0.3405601452813186;0
-9.521836929828154;0.3405601452813186;-9.127079994221498;-0.048294731479650944;0
-9.127079994221498;-0.048294731479650944;-9.278377002606701;-0.45201825648093474;0
-9.278377002606701;-0.45201825648093474;-10.349600682382109;-0.8929701526454208;0
-9.248185701608593;3.013398292668009;-9.140700130010012;2.5051402254932564;1
-9.453622749753695;1.469101896502996;-9.815804860599608;0.4256859939630603;1
14.422815791103323;-2.9485891465411807;10.360723793277103;-1.309405804378081;1
10.360723793277103;-1.309405804378081;8.248467734724397;-0.9146488687709192;1
9.454757761070075;-1.1298470142298458;9.707978785606867;-1.4313060196833671;0
4.845930812462165;0.9726479470044985;5.664160469964057;1.6687503869322835;1
5.664160469964057;1.6687503869322835;6.890199693203182;1.881451507499707;1
4.946492815034599;0.9769609900062445;6.03576317473014;1.377733485584432;0
7.087918664401426;0.9553957750055796;7.07770356256004;1.3515147241913912;0
6.203744849456828;0.9158973812166707;6.167197485090511;1.1416511319141656;1
6.82391503236531;0.9435916573212597;6.824482538023249;1.1398351138119873;1
6.511786920542842;-0.588787120026535;6.3411947197902405;-1.162762342391302;1
1.8163586085451695;-0.08336658114198027;1.8338377828073646;0.017762927092928836;1
1.8338377828073646;0.017762927092928836;1.7538194850490882;1.017140390584478;1
4.614388504055409;0.9628868496881534;5.19313077394041;1.5791979941239624;1
5.19313077394041;1.5791979941239624;5.872094543003686;1.9033572258990668;0
5.872094543003686;1.9033572258990668;8.818356916346662;2.130018985643618;1
4.027928157223549;0.937916600740864;4.614388504055409;0.9628868496881534;1
-1.2531659936847672;0.6575688057644792;-1.6655156046855104;0.9877435975025446;1
-1.6655156046855104;0.9877435975025446;-2.228935221808181;0.9718534390822754;0
0.3653601425302687;0.6684649143936775;0.3509454988205395;0.7813985403048417;0
-1.2627000887368278;0.7127303557078606;4.027928157223549;0.937916600740864;0
-1.2531659936847672;0.6575688057644792;-1.2308062707649035;0.530901542925854;0
0.1254187503873291;0.16020684721086015;-0.24209791364230043;0.21309837452853506;0
1.0677051446973962;0.02445949385327954;0.1254187503873291;0.16020684721086015;0
-0.24209791364230043;0.21309837452853506;-1.290507865971795;0.36405487951705995;1
-1.2308062707649035;0.530901542925854;-1.290507865971795;0.36405487951705995;0
0.36422513121439115;0.12581600434592044;0.3653601425302687;0.6684649143936775;1
-1.9530139709568635;0.12036795003132127;-2.43414526769051;0.5036612713528581;0
-2.43414526769051;0.5036612713528581;-2.228935221808181;0.9718534390822754;1
-2.228935221808181;0.9718534390822754;-2.8589800031638903;2.896605628278627;0
-3.2953918540578093;1.4551412573178033;-2.292041850962201;1.6124538256760488;0
-1.9530139709568635;0.12036795003132127;-1.6022954744001043;-0.860622330140391;0
6.200226314377809;-6.016297730667931;6.491243215728181;-6.341932477146519;0
6.637432673192944;-4.193810061011277;5.098130326814969;-3.9822439517647714;0
5.799567319928991;-4.572109332541743;5.955517874709091;-4.091205038072885;0
4.437326738803213;-5.053240629276398;6.111354928357301;-5.373654323706183;1
4.437326738803213;-5.053240629276398;4.766934024887876;-3.956592696028157;1
4.766934024887876;-3.956592696028157;5.098130326814969;-3.9822439517647714;0
5.575516086206321;-5.283874928632065;5.73135313985453;-4.841447517764096;1
5.478132115317739;-4.6682447909855815;4.835148204962841;-4.559283704677468;1
5.741114237169867;-4.495155565339965;5.478132115317739;-4.6682447909855815;1
5.478132115317739;-4.6682447909855815;5.604799378151828;-4.854273145628371;0
5.73135313985453;-4.841447517764096;5.799567319928991;-4.572109332541743;0
5.73135313985453;-4.841447517764096;6.1211160256721335;-4.9055756571016;0
5.799567319928991;-4.572109332541743;6.257430884690173;-4.642593535248967;0
-3.331939218424126;-6.291197471329717;-3.3869872672361216;-6.158514648528131;1
-3.0270751790219643;3.991097040025995;-3.074291649755715;4.2149212714884134;0
-2.9149360610289907;3.65956023470928;-3.0270751790219643;3.991097040025995;0
-9.351017726812781;3.051648174011166;-7.594020210079841;3.2088472412365134;0
-2.486355788213316;2.195395637426873;-1.8815082580666602;2.2257004395558635;0
0.03098580891932329;1.1648053627592767;0.45502603647199213;1.1809225234372778;0
0.45502603647199213;1.1809225234372778;0.37058119458259964;2.1203713894601712;0
-0.08830388036256959;2.297092651318209;0.22416473485506463;2.3155933357628795;1
1.599117442716756;2.414452821364017;1.67868173594848;1.777938475506193;1
0.3982754706861806;1.8116483115818078;3.365535553369867;1.92707896239254;0
0.3146251367174991;2.3607667861321837;0.37058119458259964;2.1203713894601712;1
0.1391523873077334;-9.04904796626525;-5.0430822780019655;-9.021921195817088;0
-5.0430822780019655;-9.021921195817088;-5.121625061049702;-8.027878285515305;1
-5.121625061049702;-8.027878285515305;-5.725678083275143;-7.617458193745605;1
-5.725678083275143;-7.617458193745605;-9.602876737770924;-7.341763945161596;0
-9.602876737770924;-7.341763945161596;-9.729544000605012;-7.239158922223204;0
-9.729544000605012;-7.239158922223204;-9.602876737770924;-5.866816740382889;0
-9.602876737770924;-5.866816740382889;-9.542607636906093;-5.249597586900024;1
-9.542607636906093;-5.249597586900024;-9.476209474936331;-4.135470479387068;0
-9.476209474936331;-4.135470479387068;-9.774490448707512;-3.05947975208437;0
-9.774490448707512;-3.05947975208437;-9.62682547653221;-2.960166261959704;0
-9.62682547653221;-2.960166261959704;-15.584386371609275;-3.128828943478741;1
-15.584386371609275;-3.128828943478741;-15.896514483431742;-3.002388682905912;0
-15.896514483431742;-3.002388682905912;-16.499999999999748;-3.2390385422326053;1
-1.421942176332166;1.7176693746469074;-1.011976089094564;2.264063822031919;0
-5.714214468986493;5.9630656999596265;-6.810521898839064;8.104605050459352;1
-6.810521898839064;8.104605050459352;-7.356121838305381;9.976579213470925;0
3.294824348400879;2.4958331327004397;3.4268261644186846;1.3098598089096742;1
3.4268261644186846;1.3098598089096742;3.919875079967029;1.3433426427194923;0
4.433921704856084;0.6169354006627171;4.118842563612536;0.6110333418165248;1
-1.8815082580666602;2.2257004395558635;-0.08830388036256959;2.297092651318209;0
-1.8815082580666602;2.2257004395558635;-0.7519449966635156;1.0219074381097524;1
-0.6880438595882804;3.7334494713631283;-2.3983924112454087;3.6029231700543503;0
-2.3983924112454087;3.6029231700543503;-2.505537479448823;3.519499838349953;0
-2.505537479448823;3.519499838349953;-0.6545610257744299;3.5708023498151173;1
-0.6545610257744299;3.5708023498151173;-0.6880438595882804;3.7334494713631283;1
-4.162199995872102;-7.289212921242616;-3.9770796502783856;-7.981796826098943;0
-3.9770796502783856;-7.981796826098943;-4.021799096118113;-8.29880548657404;1
-4.021799096118113;-8.29880548657404;-5.107210417339973;-8.276786267049847;0
2.5439008619213506;-8.914549125353421;4.653886897842301;-7.695660473401199;1
-0.6228942100662856;7.481483838130293;-0.43164480336763694;6.202893590967148;0
-0.43164480336763694;6.202893590967148;-0.7239102171652723;6.022653794037652;0
-3.3574769730278424;6.78288437330294;-2.2878423090943616;7.700768024325169;1
-2.2878423090943616;7.700768024325169;-1.5543979968765245;7.56660968680397;0
-1.6420208704502732;6.143305496897186;-0.6484319646700017;6.226728828601583;0
-0.6484319646700017;6.226728828601583;-0.7573930509786189;7.394995975869901;0
-1.6420208704502732;6.143305496897186;-2.236312795360377;6.611384163493705;1
-4.60360589655558;5.936846938566585;-4.688277740707745;6.917269713081871;1
-1.6220446712935506;6.002904597139165;-1.6420208704502732;6.143305496897186;0
-5.464625480659603;4.1139052643864025;-6.06311694743805;5.933555405752859;1
-6.06311694743805;5.933555405752859;-5.714214468986493;5.9630656999596265;1
-6.06311694743805;5.933555405752859;-7.32400101807018;5.85365060911992;1
-5.871300035081966;5.375924346339954;-6.760581400947509;4.6750548588788305;0
-10.088661580898458;-1.8565947596853158;-10.68034297978265;-2.1339915252466692;0
-10.68034297978265;-2.1339915252466692;-10.641412091653695;-2.3006111863977314;1
-8.730620541641024;-1.6795329944366484;-8.463665880183827;-1.660691806593283;1
-8.463665880183827;-1.660691806593283;-8.450499748921363;-1.3578707875611118;0
-8.450499748921363;-1.3578707875611118;-8.078443039628727;-0.8679999036981314;1
-8.078443039628727;-0.8679999036981314;-8.164363396228659;-0.16735741850280392;0
-8.164363396228659;-0.16735741850280392;-7.882086082009133;0.3816475549146737;1
-7.882086082009133;0.3816475549146737;-7.596176731579706;0.5511047443478692;0
-7.596176731579706;0.5511047443478692;-7.865514916800043;0.7378141057799835;1
-7.865514916800043;0.7378141057799835;-8.378880534899269;0.6280585115496473;0
-8.378880534899269;0.6280585115496473;-8.206245313778693;0.8010342360704301;1
-8.206245313778693;0.8010342360704301;-8.546294703968018;0.6835605648917236;0
-8.546294703968018;0.6835605648917236;-8.049386749946496;0.9810470307421938;1
-8.049386749946496;0.9810470307421938;-7.025039037510178;0.8499532237769892;0
-7.025039037510178;0.8499532237769892;-6.850587798283895;0.9741234617160466;0
-5.304134880617001;-3.450037145822684;-4.98485619750511;-3.5864655059776545;0
-4.98485619750511;-3.5864655059776545;-4.722101077916258;-3.2408545603347836;1
-4.722101077916258;-3.2408545603347836;-4.997795326504299;-3.1330284853475887;0
-4.997795326504299;-3.1330284853475887;-5.348740825324839;-3.3263209124071556;1
-5.556674898364467;-3.2675273262594176;-5.304134880617001;-3.450037145822684;1
-5.304134880617001;-3.450037145822684;-6.0657274734644675;-4.371779835323131;1
-6.0657274734644675;-4.371779835323131;-6.7399241950014614;-3.7046201839376214;1
-6.7399241950014614;-3.7046201839376214;-7.015391441326226;-3.7786229217243683;0
-8.751277747587071;-3.8687428201971805;-9.65463325376768;-3.4671758166887052;0
-3.5943538346183157;-5.6154117339568455;-4.4495848610120685;-2.4271649480953936;0
-8.223837989172274;3.5565012072392945;-7.3347836255695045;3.5670568124778628;0
-7.492096193928254;3.8822494548507804;-7.670860476154266;4.761088716615693;1
-7.1597648806857865;4.145799082359839;-7.563942410213119;4.235805479699754;1
-7.926692026716971;4.738388490294111;-7.747927744491462;3.859549228537262;1
-8.193873690437442;4.714666753800637;-8.01510940821143;3.8358274920357243;0
-7.670860476154266;4.761088716615693;-7.424790022906394;4.78288093387409;1
-7.424790022906394;4.78288093387409;-7.340912686674436;4.370531322869314;1
-7.340912686674436;4.370531322869314;-7.586983139922308;4.348625604478019;1
-7.670860476154266;4.761088716615693;-8.473313476367275;4.6892425003298195;1
-8.473313476367275;4.6892425003298195;-8.270486954248591;3.811311247620028;0
-8.270486954248591;3.811311247620028;-7.492096193928254;3.8822494548507804;1
-11.830222943737683;1.7897425931905129;-11.302102178533561;1.9551137418958238;1
-7.656786335839199;3.0751429082469075;-8.10931534741616;3.031444972589151;1
-8.10931534741616;3.031444972589151;-8.117600930020958;3.068786844877187;1
-8.117600930020958;3.068786844877187;-7.665071918443996;3.1124847805268785;1
-7.665071918443996;3.1124847805268785;-7.656786335839199;3.0751429082469075;0
-6.845480247363454;3.775331388910642;-6.72664456260761;3.6438970785467424;0
-6.596912769221055;3.2692298432286977;-5.070890055236933;-0.6282855138154438;1
-5.070890055236933;-0.6282855138154438;-4.803367888121798;-1.978948979522195;1
-6.72664456260761;3.6438970785467424;-6.596912769221055;3.2692298432286977;1
-6.828228075364535;3.057323230583497;-6.506792870752779;2.8433735975703223;1
-6.506792870752779;2.8433735975703223;-5.481877652658522;0.23262056915316054;1
-5.481877652658522;0.23262056915316054;-4.876576117985818;-2.007551264673841;1
-4.589418255109127;-2.6047942190085527;-3.9936508154879795;-4.685950967508028;0
-9.24205664050366;2.4882285568849674;-9.53784058937981;1.6730634299340295;1
-11.872785868077042;3.8358274920357243;-11.176683428146736;3.88361146842943;0
-10.873862409112549;6.071345779478414;-10.325878945883595;5.6065586456875565;1
-7.431713591932037;4.301522634873638;-7.374509021619673;3.8987071189274762;0
-7.374509021619673;3.8987071189274762;-6.7966747607872735;3.634816988027787;1
-7.379730073672004;4.561440226178341;-7.065331939218285;4.5430530428665685;1
-11.693794583588257;2.4634853102034744;-9.803660239521633;2.068841875729211;1
-9.62830099124275;1.7425261224612985;-9.35090422568089;1.687364572517917;1
-9.598223191376531;1.8191393862724465;-9.543402144827308;1.8172098670293053;1
-9.543402144827308;1.8172098670293053;-9.315605373762343;1.7706744030894157;1
-9.35090422568089;1.687364572517917;-9.453622749753695;1.469101896502996;1
-11.557820227964879;1.9778139682093419;-9.53784058937981;1.6730634299340295;0
-7.781183576042037;2.650194671635589;-7.470190475534943;2.93179097906579;1
-6.77011549599957;3.31587880830955;-6.41406244625859;3.3551501998326625;1
-6.41406244625859;3.3551501998326625;-3.7211345985837907;3.2451676033365295;0
-3.7211345985837907;3.2451676033365295;-2.7465003817762543;3.411219758831165;0
-2.7465003817762543;3.411219758831165;-2.5056509805807137;3.2548151995199763;1
-6.7966747607872735;3.634816988027787;-6.667396971926767;3.261511766288392;1
-7.836118123722646;2.518533359013958;-7.781183576042037;2.650194671635589;1
-5.913295453763387;4.052614653339097;-3.5733561252771016;4.253738658487998;1
-3.3974293713407833;3.2885250355955913;-3.373594133710884;3.2139547921524176;1
-7.594020210079841;3.2088472412365134;-7.396414740012984;2.9557397178331244;1
-7.396414740012984;2.9557397178331244;-6.759900394158184;3.083655493109436;1
-6.759900394158184;3.083655493109436;-6.667396971926767;3.261511766288392;0
-7.6137694069732875;2.6298779690887404;-6.815856452022781;2.1084537706429534;1
-6.815856452022781;2.1084537706429534;-6.392724233523217;1.4512822188476504;0
-6.392724233523217;1.4512822188476504;-5.904669367763927;1.1887541015185465;1
-11.64192456645961;3.301123661202134;-10.48194300179508;3.282282473358769;1
-10.48194300179508;3.282282473358769;-6.966472453619163;3.797010105044205;0
-10.003762734482514;-5.596457044980582;-3.559281984962539;-5.936279432910158;1
-3.559281984962539;-5.936279432910158;1.759835045022634;-6.481311866716521;0
1.759835045022634;-6.481311866716521;6.474899052781863;-7.173895771564783;0
6.474899052781863;-7.173895771564783;14.276853335901837;-8.688114367866602;1
3.8660755436017937;-0.9239559615637359;3.5727886196201712;-0.808525310753004;1
-8.218049431462005;-8.27485674781477;-8.196143713068693;-7.9962114698076645;1
-8.196143713068693;-7.9962114698076645;-7.831237575064978;-7.926862278413294;1
-9.464859361779068;3.5994046349748277;-9.351017726812781;3.051648174011166;0
-10.054043735769234;5.380464391599432;-9.997860675640858;5.333588424260848;1
-9.572571935640925;4.1002851285999045;-7.02674155448349;4.337729495848821;0
-9.803660239521633;2.068841875729211;-9.61536186224356;1.8400235944757217;0
-9.61536186224356;1.8400235944757217;-9.62830099124275;1.7425261224612985;1
-9.315605373762343;1.7706744030894157;-9.35090422568089;1.687364572517917;0
-3.9936508154879795;-4.685950967508028;-3.450320898653418;-6.334668404721676;1
-9.140700130010012;2.5051402254932564;-9.315605373762343;1.7706744030894157;1
-10.324062927778392;3.394648593621571;-11.64192456645961;3.301123661202134;1
-7.823519498118119;2.8835529981485557;-8.448910733079437;3.1299639547915943;0
-9.604579254744236;3.390222049486927;-9.669388400872071;3.5683053249236143;1
-9.669388400872071;3.5683053249236143;-10.216350353916534;3.5558202004499693;0
-10.216350353916534;3.5558202004499693;-10.251876208098864;3.3246183954378754;1
-8.0107963652117;1.8517142110271434;-7.530800079794435;2.8830989936250275;0
-7.530800079794435;2.8830989936250275;-8.097057225206296;2.9719703796440236;0
-7.656786335839199;3.0751429082469075;-7.420136476512002;2.9020536825932264;0
-7.853937801379503;3.697015608122149;-9.556454774957883;3.446745613008958;1
-4.345390822229231;-2.0064162533609875;-4.857507927881696;-1.877819471287286;1
-10.074814442846668;3.6833954723356515;-10.265155840492715;3.537773520528827;1
-4.588964250582575;-1.9601077916788296;-6.449361298177643;3.182514978710574;1
-7.7854966190417665;2.7903685691278137;-7.885945120482814;2.4858450331182977;0
-7.885945120482814;2.4858450331182977;-8.096035715022309;2.517965853357531;1
-7.198241764288692;4.038086508497478;-7.449079265062342;3.7751043866448453;0
-7.449079265062342;3.7751043866448453;-10.324062927778392;3.394648593621571;0
-6.456738871729335;2.8809424721241546;-6.9378701684629815;3.0057937168525366;0
-6.9378701684629815;3.0057937168525366;-6.5821576221166636;3.230525957362012;0
-5.30901542927467;-2.280861989499245;-4.976570614900817;-2.3380665598186656;1
-4.97112256058521;-2.0776949639904347;-5.30901542927467;-2.280861989499245;0
-4.262875499576427;-2.2321700040584824;-1.470861164039733;-2.0574917625684197;1
-12.391145535965824;6.354871606143692;-11.07214888596873;5.1862639554766785;0
-11.054783212838425;6.564281193897389;-10.551178692054032;6.221621277677614;0
-10.551178692054032;6.221621277677614;-10.298525173174676;5.877031842230828;1
-10.298525173174676;5.877031842230828;-10.459810281138493;5.790884483361066;1
-10.459810281138493;5.790884483361066;-10.325878945883595;5.6065586456875565;1
-10.62098188797042;6.864491686905159;-9.695380160001836;5.874648318464159;1
-3.8112544970520665;5.954666616221931;-3.9185130663873715;6.8155726991986;1
-3.9185130663873715;6.8155726991986;-4.261740488261053;7.109881133360178;1
-4.261740488261053;7.109881133360178;-4.241196783446392;7.610875128118153;1
-4.241196783446392;7.610875128118153;-4.667393532498925;8.017663183675431;0
-4.667393532498925;8.017663183675431;-4.874419596485953;8.806950052623959;1
-4.874419596485953;8.806950052623959;-5.625570085228757;8.902858508802;0
-5.625570085228757;8.902858508802;-6.232120132348725;9.680454761199105;0
-6.232120132348725;9.680454761199105;-6.082979645463387;10.123109174332871;1
-6.082979645463387;10.123109174332871;-3.8841222235209196;10.213229072797619;0
8.248467734724397;-0.9146488687709192;8.907568805762336;0.779015016546237;0
-0.7209591877441923;5.103748632827403;-0.7483129604531107;5.6887334649462025;1
-0.7483129604531107;5.6887334649462025;-0.49395692460044194;5.950126570962453;0
-5.199713839570886;3.5266504096338323;-5.027986627502408;3.536298005817279;0
-8.999618223466193;3.3343794927542207;-8.867616407447883;3.3458431070398458;1
-8.961595344389337;3.1997671507094934;-8.804055773767816;3.21213877405024;1
-5.240801249199705;3.693837576441321;-5.0537513843693995;3.7067767054384944;1
-6.742534721027376;4.290399523986708;-7.210159383103894;5.368092768258686;1
-0.7519449966635156;1.0219074381097524;-0.652404504274565;0.9073847963541419;1
-0.652404504274565;0.9073847963541419;-0.4927084121531783;0.745532182728354;0
-0.010101600709495418;0.2880091213623385;2.9223136345816907;-0.1293345394254432;0
2.9223136345816907;-0.1293345394254432;3.801947404263786;-0.6413381439455151;0
-0.47261871186506954;-1.0626543443444127;2.0400693388736815;-1.4283549902683357;1
3.0270751790224684;-1.5122323264962612;2.056186499556723;-1.3818195263203814;1
1.7843512894418587;-2.214804330926665;2.1549324840244584;-1.0784310016317837;1
2.1549324840244584;-1.0784310016317837;3.0605580128363186;-0.8239614646416802;0
3.801947404263786;-0.6413381439455151;4.5177990410880415;-1.035414072763352;0
4.5177990410880415;-1.035414072763352;5.47325156666007;-1.2178103912017852;1
5.47325156666007;-1.2178103912017852;7.5603103740037225;-0.8414406389063956;1
7.5603103740037225;-0.8414406389063956;8.248467734724397;-0.9146488687709192;1
-9.42320444649231;2.9803694633817193;-9.24205664050366;2.4882285568849674;0
-9.903087230778189;-2.988655045986516;-5.30901542927467;-2.280861989499245;0
-15.844757967434985;-3.1735483893164522;-9.903087230778189;-2.988655045986516;1
-9.53784058937981;1.6730634299340295;-8.12758902959957;1.581241014491937;1
-8.12758902959957;1.581241014491937;-7.461110385009435;2.872770390652256;0
-7.461110385009435;2.872770390652256;-6.9378701684629815;3.0057937168525366;0
2.2675256065434803;-2.3386340654750923;7.2742875224429095;-3.3383520323572715;0
-2.824362158034666;3.2441460931565747;-6.449361298177643;3.182514978710574;0
-3.5733561252771016;4.253738658487998;-3.350439902870309;4.2746228666912724;0
-6.449361298177643;3.182514978710574;-6.4913567168590625;3.2806934575223874;0
-5.913295453763387;4.052614653339097;-3.5733561252771016;4.253738658487998;0
-0.6095010765405439;-1.481246517577946;-0.9413783852569619;-1.7213014108512636;1
1.2325087877397278;-1.3148538586926803;1.0714506820391874;-2.0085727748618605;0
1.0714506820391874;-2.0085727748618605;0.8711211848145264;-2.0114103031520583;1
0.8711211848145264;-2.0114103031520583;0.7956429323192559;-2.2368235504508585;0
-0.7099495779815916;-1.8689663830260623;-0.6095010765405439;-1.481246517577946;0
-1.4672291278293284;-1.8886020787916509;-4.346412332413218;-2.0509086969409673;0
-2.824362158034666;3.2441460931565747;-2.9149360610289907;3.65956023470928;0
-3.735889745688182;5.959093160356575;-5.714214468986493;5.9630656999596265;0
14.132706898805553;-9.927319722365672;12.460608228488558;-9.577849738260714;1
12.460608228488558;-9.577849738260714;10.117604369449808;-8.459409587746011;0
10.117604369449808;-8.459409587746011;8.359471841401493;-8.141492918215793;1
8.359471841401493;-8.141492918215793;6.332001128132842;-8.331834315860329;0
6.332001128132842;-8.331834315860329;5.45134584826676;-8.636811856393374;0
5.45134584826676;-8.636811856393374;3.543391826543278;-9.703041486379725;0
8.767735411665782;1.2623028347737002;7.008694874564364;2.311847798425625;1
7.008694874564364;2.311847798425625;4.985537204295443;2.993195091245994;1
4.985537204295443;2.993195091245994;2.9994944040507776;3.307252722306058;1
2.9994944040507776;3.307252722306058;-0.20838807756567754;3.3624142722494397;1
-0.20838807756567754;3.3624142722494397;-2.824362158034666;3.2441460931565747;1
0.22416473485506463;2.3155933357628795;3.523415627386555;2.4613287887026014;1
0.22416473485506463;2.3155933357628795;3.523415627386555;2.4613287887026014;0
3.4104820014723667;1.4738689440282704;3.108001485833346;1.4650158557670467;0
3.0608985162309814;1.760345800116644;3.3804042016061486;1.7772574687168683;1
2.9595420057373323;2.067025857618968;3.349758896081488;2.0857535443294353;0
2.9386577975280086;2.2311484938785275;3.3338687376612186;2.2460171421107766;0
0.8663541372887481;2.1396665818270653;0.37058119458259964;2.1203713894601712;1
3.4268261644186846;1.3098598089096742;3.0208326167861497;1.292494135777857;0
0.4407248938941531;1.3399376087728678;0.8954104269709787;1.357189780771787;0
3.419562091998379;-0.5002562374062336;3.5609845019368596;-0.4382846195615385;1
0.8826983002350658;1.973841428598226;0.38544984281837746;1.9544327351064987;1
3.523415627386555;2.4613287887026014;3.6239776299589894;2.465074326047921;1
0.412122608737971;1.657513774912455;0.8947294201816538;1.675787457091329;0
8.818356916346662;2.130018985643618;9.982765025142811;2.0175393642559825;1
9.982765025142811;2.0175393642559825;12.113748770404976;2.199368177037989;1
12.113748770404976;2.199368177037989;13.304829645120215;2.4925415998867133;1
13.304829645120215;2.4925415998867133;13.412882722376734;3.120089356342351;0
13.412882722376734;3.120089356342351;13.255343151754708;3.515754301004634;0
13.255343151754708;3.515754301004634;12.9509331168791;3.74411857772653;1
12.9509331168791;3.74411857772653;12.433367956911026;3.802231157093008;1
12.433367956911026;3.802231157093008;11.74225956677028;4.341134529795445;1
2.288977320410743;1.8873535663458993;2.2414203462818256;2.4453251291494342;0
2.9784966947100675;1.9119833118944938;2.9118715304770286;2.477445949388667;0
5.8708460305564225;-0.35633680256868955;5.824197065480106;-0.5416841504302189;1
5.824197065480106;-0.5416841504302189;4.019415572355476;-0.2775670172566685;0
-1.290507865971795;0.36405487951705995;-1.9530139709568635;0.12036795003132127;0
0.8434269087109455;2.3828995067892755;0.8968859416815187;1.8310570050815997;1
3.5727886196201712;-0.808525310753004;3.614897539433481;-0.6517802480511852;0
3.614897539433481;-0.6517802480511852;2.9702111121052703;-0.24374368004815544;0
2.9702111121052703;-0.24374368004815544;1.0677051446973962;0.02445949385327954;0
-3.9988718675403105;-4.464396758679381;-3.5943538346183157;-5.6154117339568455;1
-4.954891898770278;3.4012316592490235;-4.934688697350783;3.2732023828398136;0
-4.934688697350783;3.2732023828398136;-4.688958747497574;3.284665997125438;1
-4.688958747497574;3.284665997125438;-4.706324420627879;3.444248588117455;1
-4.706324420627879;3.444248588117455;-4.954891898770278;3.4012316592490235;0
-4.452649391564535;3.295675606887535;-4.462750992274534;3.343232581015444;0
-3.9040984226776425;3.4576417216381565;-3.870729089995682;3.323029379593429;1
-4.793152786280412;3.443113576796537;-4.905178403142;3.90449567664077;1
-3.6709670984289597;3.481817462663223;-3.6235236254319325;3.289887049174241;0
-0.2736512282195625;4.3329624483235465;-0.21905718393311174;3.5213158564521314;1
-2.7465003817762543;3.411219758831165;-2.4762541875033164;3.4681973268767248;0
-4.70439490139129;3.426315409329211;-4.443909804433689;3.343232581015444;1
-4.404184408383521;3.4057717045085014;-3.4475968714956142;3.504971693508334;0
-3.4475968714956142;3.504971693508334;-3.3974293713407833;3.2885250355955913;0
-2.3788702166147346;3.4490156356427293;-2.3383503126438545;3.2627602787341434;0
-5.441925254345077;3.2705918568073473;-5.417182007662576;3.2120252729173413;0
-3.284382244295209;3.2188353408105903;-3.182458228143621;2.915673818387789;0
-3.785035735659026;3.193638089605569;-5.16327997633646;3.1268994242436645;0
-9.867901879991026;4.075087877394884;-11.176683428146736;3.88361146842943;1
-11.95972773486096;4.8515491184710715;-11.316176318848123;4.23501097177753;0
-11.316176318848123;4.23501097177753;-11.259652755325588;3.972028849924898;1
-9.22253444587349;4.916131262340167;-9.60957330453329;4.745993066109582;1
-9.60957330453329;4.745993066109582;-9.622285431269708;4.6892425003298195;0
-9.622285431269708;4.6892425003298195;-9.147737200167546;4.800814112662334;0
-9.147737200167546;4.800814112662334;-9.22253444587349;4.916131262340167;1
-9.441818632070383;6.0979050442620855;-8.362422870821565;5.347322061180244;0
-8.362422870821565;5.347322061180244;-9.125150474984405;4.888209983969782;1
-11.388249537396769;3.8690833235878106;-11.395513609817074;3.9031336630621203;1
-10.882374993980621;3.874985382434003;-10.825056922536872;3.5871465127669793;0
-10.497946661346736;4.348398602220287;-10.464009823006837;4.178373907122601;0
-10.664112317967717;4.4129807460813195;-10.853886209955826;4.3465825841100445;1
-7.594020210079841;3.2088472412365134;-6.77011549599957;3.31587880830955;1
-9.079296017829808;4.903873140132319;-8.509293335075652;4.784015945186943;1
-5.116063505602205;3.283076981280992;-5.588001210678454;3.203172184656118;1
-11.022208388077177;5.0017111155454375;-10.511907300529913;4.764380249429419;0
-10.511907300529913;4.764380249429419;-10.60656724426069;4.615807268199499;1
-11.382460979686499;5.046544062516047;-10.497946661346736;4.348398602220287;1
-12.073682870959136;4.691172019564896;-11.50572320857346;4.260094721857718;0
-11.50572320857346;4.260094721857718;-11.395513609817074;3.9031336630621203;0
-10.497946661346736;4.348398602220287;-10.438018063876568;4.464737262078076;0
-10.438018063876568;4.464737262078076;-11.144108603385487;5.1536891307219825;0
-7.210159383103894;5.368092768258686;-7.027990066930753;4.247382595118276;1
-9.997860675640858;5.333588424260848;-10.061421309320925;5.011131709463088;0
-1.0312712814619616;3.3241643909143472;-0.999263962358651;2.9442761035394347;1
-10.205340744154437;5.5063371465158335;-10.068458379478459;5.575005331112815;0
-0.999263962358651;2.9442761035394347;-1.6094460456890238;2.849048654150718;1
-10.325878945883595;5.6065586456875565;-10.054043735769234;5.380464391599432;1
0.0223597229198638;1.247093683142756;-0.562284605806793;1.1688914034952262;1
-10.061421309320925;5.011131709463088;-9.867901879991026;4.075087877394884;1
-9.867901879991026;4.075087877394884;-9.572571935640925;4.1002851285999045;0
-9.572571935640925;4.1002851285999045;-9.464859361779068;3.5994046349748277;1
-2.3276812062759165;7.23064633735261;-2.286026290989159;6.817615719566574;1
-2.286026290989159;6.817615719566574;-3.3574769730278424;6.78288437330294;0
-2.2494789266228423;6.609227642000897;-2.286026290989159;6.817615719566574;1
-3.658595475087709;5.9630656999596265;-3.698320871137878;6.777549820121239;1
-3.698320871137878;6.777549820121239;-3.3574769730278424;6.78288437330294;0
-2.9900738101295987;-2.8043292083130065;-2.708477502699398;-3.6490046294707117;0
-2.708477502699398;-3.6490046294707117;-0.6105225867250352;-3.34754562401719;0
1.457127527120337;1.7684043804556446;1.8006954523881766;1.7831595275630605;1
1.8006954523881766;1.7831595275630605;1.7279412270507097;2.436812544286905;0
1.7279412270507097;2.436812544286905;1.389707854966587;2.4231924084923424;1
1.389707854966587;2.4231924084923424;1.457127527120337;1.7684043804556446;1
-3.121508120489466;3.87316936432376;-3.0108445172070324;3.64639410344631;1
-3.153742441856053;3.971688346526203;-3.121508120489466;3.87316936432376;0
-3.2385277871401077;4.188702510095372;-3.153742441856053;3.971688346526203;0
-3.0108445172070324;3.64639410344631;-2.824362158034666;3.2441460931565747;1
