x1;y1;x2;y2;speed-limit;is-residential
-9.67177192463471;-5.8505860785719905;-9.593910148376802;-5.202948621819171;6.360153298126814;1
-9.593910148376802;-5.202948621819171;-9.535457065617173;-4.247496096251175;6.56545387996516;0
-9.535457065617173;-4.247496096251175;-9.903087230778189;-2.988655045986516;68.8185945027279;1
1.3319357789962842;-7.375019776713683;3.045916366863817;-9.65616551904114;25.74834010387968;1
-1.7621050676533812;-10.32911372813188;-2.43982032426889;-9.032476801055656;16.788422599968346;0
-2.43982032426889;-9.032476801055656;-3.1845012485121;-6.791169955907737;37.36722013757385;1
-4.726641123179264;-2.4567887434350593;-4.35254139351815;-2.37313840947293;27.941841866073148;1
-4.35254139351815;-2.37313840947293;-4.306119430705614;-2.091088097511136;63.63851920599793;1
-4.306119430705614;-2.091088097511136;-4.614048000659738;-1.9574972656544285;19.832888488984025;0
-4.614048000659738;-1.9574972656544285;-4.947514325218082;-2.0531787195666737;65.54246721101869;0
-4.947514325218082;-2.0531787195666737;-5.000746355925379;-2.306059240712331;47.82279810724161;1
-5.000746355925379;-2.306059240712331;-4.726641123179264;-2.4567887434350593;48.16455651479565;0
-3.331939218424126;-6.291197471329717;-3.5733561252771016;-6.450666561188835;30.40397336103699;0
-3.5733561252771016;-6.450666561188835;-3.527728670385277;-6.678009327730776;42.034939366516284;1
-3.527728670385277;-6.678009327730776;-3.1845012485121;-6.791169955907737;29.53386978503054;0
-3.1845012485121;-6.791169955907737;-2.8536454499801733;-6.6486125346488425;5.90169015067487;1
-2.8536454499801733;-6.6486125346488425;-2.8974568867667956;-6.374280299643484;59.34120372013338;1
-2.8974568867667956;-6.374280299643484;-3.331939218424126;-6.291197471329717;17.922113435649543;0
-10.003762734482514;-5.596457044980582;-6.506338866226731;-5.955574625277052;14.454606420579442;0
-6.506338866226731;-5.955574625277052;-3.5918568097237884;-6.563940690498694;32.623908601765535;1
-3.9988718675403105;-4.464396758679381;-3.956308943200952;-4.937128971676341;32.646899544176215;0
-3.956308943200952;-4.937128971676341;-4.237905250630649;-5.157548169192135;18.647044300533604;1
-4.237905250630649;-5.157548169192135;-5.532158653944739;-5.3400579887634665;16.49339505096635;0
-5.532158653944739;-5.3400579887634665;-11.455215205023967;-5.3592396799974615;36.46175903301832;1
-6.432676631836158;3.944675077219004;-6.466726971307948;4.1691803154626825;53.12348458308834;0
-6.466726971307948;4.1691803154626825;-6.742534721027376;4.290399523986708;11.066266802459223;1
-6.742534721027376;4.290399523986708;-7.196879750710043;4.056246689551518;26.12648777781468;0
-7.196879750710043;4.056246689551518;-6.845480247363454;3.775331388910642;53.163784968660686;0
-6.845480247363454;3.775331388910642;-6.432676631836158;3.944675077219004;59.1673330224014;0
-9.868355884517579;-7.317247700737836;-9.67177192463471;-5.8505860785719905;49.588035602841686;1
-9.680511511766058;-7.440055925106308;-5.6296561259652105;-7.712685643134322;43.60676026788;0
-5.6296561259652105;-7.712685643134322;-5.107210417339973;-8.276786267049847;35.58326988094259;1
-5.107210417339973;-8.276786267049847;-5.214695988938554;-9.051544991156753;64.77832687364533;0
-7.668022947864572;-7.543795959357554;-7.669271460311836;-7.986450372491319;67.83979864712373;1
-7.669271460311836;-7.986450372491319;-7.1201529857675085;-8.719440680183611;34.88695543054427;0
-7.1201529857675085;-8.719440680183611;-7.397095746802813;-9.639140349308018;49.78433277293417;1
-9.090192126460519;10.32911372813188;-8.096489719548861;8.489260385351473;18.261325645511146;0
-8.096489719548861;8.489260385351473;-7.210159383103894;5.368092768258686;44.17233311518551;0
-3.350439902870309;4.2746228666912724;-3.147045875093182;4.187340496516723;56.52564031670073;0
-3.147045875093182;4.187340496516723;-3.0287776959952764;4.3094677140878055;38.3672570597846;0
-3.0287776959952764;4.3094677140878055;-3.2201406038258154;4.396296079738827;68.71571175511926;1
-3.2201406038258154;4.396296079738827;-3.350439902870309;4.2746228666912724;40.3613293668335;1
-6.432676631836158;3.944675077219004;-5.913295453763387;4.052614653339097;58.95205209898164;1
-3.735889745688182;5.959093160356575;-3.2201406038258154;4.396296079738827;14.361253327248749;1
-3.0287776959952764;4.3094677140878055;-0.34356792526783964;4.459856713419904;31.50299618436999;0
9.422750441966766;1.086830085369479;9.002455751756392;1.3154213643491068;55.904403222584655;1
9.002455751756392;1.3154213643491068;8.600661745991696;1.0194104132101847;54.961850338418245;0
8.600661745991696;1.0194104132101847;9.092008144566226;0.7748154746773892;44.33327902806233;1
9.092008144566226;0.7748154746773892;9.422750441966766;1.086830085369479;1.7072680436507637;1
13.781874901116904;1.175587970255577;43.47242099458473;1
13.781874901116904;1.175587970255577;9.422750441966766;1.086830085369479;21.974648357761883;1
8.600661745991696;1.0194104132101847;4.145174826137468;0.8239614646497448;32.11646207805113;0
0.07990479662689046;0.6575688057644792;-0.20838807756567754;3.3624142722494397;19.192153761532154;1
3.97004258012186;0.8240749657745784;-1.4781252364605428;0.5901491336051848;9.435435144467917;0
4.145174826137468;0.8239614646497448;4.0423428009332785;0.8795770191166546;37.442745176686614;1
4.0423428009332785;0.8795770191166546;3.97004258012186;0.8240749657745784;17.756475111355662;0
3.97004258012186;0.8240749657745784;4.062546002352773;0.7652813796268407;3.620823461371492;0
4.062546002352773;0.7652813796268407;4.145174826137468;0.8239614646497448;11.031997607099894;1
-1.4781252364605428;0.5901491336051848;-1.9849077889287878;0.829409518964344;20.930676127051452;1
-1.9849077889287878;0.829409518964344;-2.3106560365402737;0.5066123007678895;14.590710518412042;1
-2.3106560365402737;0.5066123007678895;-1.8172666175972667;0.2859661009943638;38.69323356371573;0
-1.8172666175972667;0.2859661009943638;-1.4781252364605428;0.5901491336051848;30.844431650144447;1
-1.9849077889287878;0.829409518964344;-2.824362158034666;3.2441460931565747;31.290082787210604;1
-0.010101600709495418;0.2880091213623385;-0.6095010765405439;-1.481246517577946;67.77521280611091;1
-1.4832327873809836;0.5049097837986096;-0.010101600709495418;0.2880091213623385;55.253316380598534;1
-0.6765802452996312;-2.0226469151799513;2.2675256065434803;-2.3386340654750923;36.449836212303126;0
4.0423428009332785;0.8795770191166546;3.6239776299589894;2.465074326047921;47.9785814469522;1
-1.8172666175972667;0.2859661009943638;-1.1552145171382466;-1.7045032433839378;51.761192034712636;0
-0.8939349122599347;-2.2125343082928937;-0.6765802452996312;-2.0226469151799513;17.03335834579874;0
-0.6765802452996312;-2.0226469151799513;-0.8425188996578402;-1.7500171971438723;58.488208591355935;1
-0.8425188996578402;-1.7500171971438723;-1.4486149422517596;-1.8494441884014368;63.973230000405984;0
-1.4486149422517596;-1.8494441884014368;-1.3638295969672005;-2.1678148624551823;21.374542911483427;1
-1.3638295969672005;-2.1678148624551823;-0.8939349122599347;-2.2125343082928937;25.7566147288472;0
-15.933288850061336;4.442718042553883;-12.557311192586807;4.689015498064023;40.28789642161267;1
-12.557311192586807;4.689015498064023;-11.382460979686499;5.046544062516047;3.961118453548602;0
-11.382460979686499;5.046544062516047;-9.59152662461366;5.93923046232519;53.26569935899962;0
-9.59152662461366;5.93923046232519;-9.306865786631496;6.352034077853494;43.20435491251775;0
-9.306865786631496;6.352034077853494;-9.29846670289481;6.7990015339890055;37.506560801334636;0
-9.29846670289481;6.7990015339890055;-10.993606102920994;9.053474510399894;21.616860197901566;0
4.614388504055409;0.9628868496881534;8.447889222895952;1.128485000651196;57.24092497834588;0
4.614388504055409;0.9628868496881534;4.098752863324428;-0.6572283023657843;55.3742627995021;0
4.098752863324428;-0.6572283023657843;2.478183706740913;-2.4796024708814755;37.30073134207095;0
-6.4913567168590625;3.2806934575223874;-6.617342972903827;3.6580847199977318;55.24149921538878;1
-6.617342972903827;3.6580847199977318;-6.641972718454941;3.7966696016455104;65.73527727099537;0
-6.524499047277747;4.530000412728433;-6.9951882399067316;4.896836069973274;26.715022760038856;0
-5.999896817152644;3.969758827291127;-6.0425732426238925;4.152609150253088;63.00753441645787;1
-7.3347836255695045;3.5670568124778628;-6.428817593362981;3.631184951815366;59.39396192479276;1
-6.428817593362981;3.631184951815366;-5.999896817152644;3.969758827291127;0.9767086853847129;0
-6.0425732426238925;4.152609150253088;-6.524499047277747;4.530000412728433;50.594088510154165;1
-0.7239102171652723;6.022653794037652;-3.735889745688182;5.959093160356575;17.14761858218582;1
-0.34356792526783964;4.459856713419904;-0.36138760292469735;5.828793861305529;28.873102003202902;0
-0.36138760292469735;5.828793861305529;-0.7239102171652723;6.022653794037652;22.709147560032093;1
-0.34356792526783964;4.459856713419904;3.0949488557027705;4.317980298958399;56.043840345915385;1
-4.726641123179264;-2.4567887434350593;-3.9988718675403105;-4.464396758679381;66.24621647788092;0
-3.3869872672361216;-6.158514648528131;-3.5943538346183157;-5.6154117339568455;40.34136704292376;1
-2.813693051666728;-6.516610718636581;0.5681866646494569;-6.49584001155814;48.229404114639294;1
0.5681866646494569;-6.49584001155814;5.120830553129495;-6.955860097815658;33.747292519028825;1
3.1075474813072974;-6.480403857661399;-2.92208663231791;-5.397489561332554;12.670144138205782;1
-2.92208663231791;-5.397489561332554;-3.3090119898463235;-5.275702847160167;14.571915046248636;0
-3.3090119898463235;-5.275702847160167;-3.8187455717356484;-4.791620521002415;10.598264826254718;0
-7.6279570484197405;-2.9311099722764653;-7.6656394241019346;-3.1854660081336705;36.79791277169035;1
-7.6656394241019346;-3.1854660081336705;-8.654234280092648;-3.3960106072002207;25.9312518690224;0
-8.654234280092648;-3.3960106072002207;-9.035598082174571;-3.6446915864689657;12.84321222963841;0
-9.035598082174571;-3.6446915864689657;-9.08451706988214;-4.746106567242481;63.44473182438611;0
-9.08451706988214;-4.746106567242481;-9.484268055278354;-4.989339492204691;66.3110669393282;1
-7.740096166412714;-2.6464491342983343;-7.6279570484197405;-2.9311099722764653;53.659990688896414;1
-11.5062907142314;-2.7845800114145196;-9.063746362804201;-1.4836300413446155;10.801077706723614;1
-9.063746362804201;-1.4836300413446155;-8.837765609844437;-1.5259659634156575;68.0431957577018;1
-8.837765609844437;-1.5259659634156575;-8.477286015972341;-2.038877576990851;30.705489580602592;0
-8.477286015972341;-2.038877576990851;-7.571773988291868;-2.177348957505731;63.578646154111894;0
-7.571773988291868;-2.177348957505731;-7.740096166412714;-2.6464491342983343;47.456759049436414;0
-7.6656394241019346;-3.1854660081336705;-7.015391441326226;-3.7786229217243683;18.52926624159525;1
-7.015391441326226;-3.7786229217243683;-7.090302188164062;-3.9747528770821976;61.98972876912042;0
-7.015391441326226;-3.7786229217243683;-6.427115076389165;-3.186033513790097;55.92634748102153;0
-6.427115076389165;-3.186033513790097;-5.556674898364467;-3.2675273262594176;20.58984340759397;1
-5.556674898364467;-3.2675273262594176;-6.169581008852644;-2.4424876008592364;21.113989954194995;1
-0.8194781699486515;-9.060057576027347;-0.8586360603408817;-8.090644411274159;35.12175961100524;1
-0.8586360603408817;-8.090644411274159;-1.0339953086192613;-7.891903929891927;3.33805074862632;1
-0.973726207754935;-2.2326240085820106;-0.13971989296466408;-4.585842969461139;36.33628961046115;1
-0.13971989296466408;-4.585842969461139;1.5046845012487502;-4.913407235182868;60.90192051897581;1
6.365937966472742;-5.538003962223474;8.248467734724397;-0.9146488687709192;55.17021441046587;1
2.2675256065434803;-2.3386340654750923;3.8927483095213873;-0.5104713392461071;43.8715969320412;1
3.8927483095213873;-0.5104713392461071;4.132803202796217;0.0707679555354373;26.037614102266506;1
4.132803202796217;0.0707679555354373;4.062546002352773;0.7652813796268407;22.407024930468875;1
1.5046845012487502;-4.913407235182868;6.365937966472742;-5.538003962223474;44.44505548334508;0
4.359010958018752;-5.323827326944502;4.437326738803213;-5.053240629276398;59.41153153159468;1
5.469619530449665;-6.272810288017944;5.575516086206321;-5.925156322015163;58.375447177978735;1
5.575516086206321;-5.925156322015163;6.200226314377809;-6.016297730667931;2.16952812945029;0
4.359010958018752;-5.323827326944502;4.2907967779442915;-5.496916552590119;41.75947451118243;1
4.2907967779442915;-5.496916552590119;4.943541785614023;-6.183030892943827;39.53527032553885;0
4.943541785614023;-6.183030892943827;6.443799742731153;-6.43954345029384;27.41503452403852;0
-12.232811457423088;-1.833327027715371;-11.112441787676838;-2.1283164686662737;4.283227764337196;0
-11.112441787676838;-2.1283164686662737;-11.63851953251248;-2.743833105187924;15.804081013512723;1
-11.63851953251248;-2.743833105187924;-11.691978565483055;-3.047902636665847;28.354436868450534;0
-9.351017726812781;3.051648174011166;-9.42320444649231;2.9803694633817193;32.51583159208363;0
-9.42320444649231;2.9803694633817193;-11.808884731001806;2.8366770308099714;39.18454080305016;0
-10.836407035694135;-0.8189674148586741;-11.449994152971636;-0.07178946571539227;1.8649810213804174;0
-10.349600682382109;-0.8929701526454208;-11.2035831963291;0.04420869074370156;67.43156637747202;1
-11.449994152971636;-0.07178946571539227;-9.981857016089203;0.45338027006764925;3.2540698649024593;1
-9.981857016089203;0.45338027006764925;-9.521836929828154;0.3405601452813186;50.227848780924106;0
-9.521836929828154;0.3405601452813186;-9.127079994221498;-0.048294731479650944;9.856915235620207;0
-9.127079994221498;-0.048294731479650944;-9.278377002606701;-0.45201825648093474;28.40802447238408;1
-9.278377002606701;-0.45201825648093474;-10.349600682382109;-0.8929701526454208;15.999557482681256;0
-9.248185701608593;3.013398292668009;-9.140700130010012;2.5051402254932564;12.993100868551716;0
-9.453622749753695;1.469101896502996;-9.815804860599608;0.4256859939630603;19.82513243830835;0
14.422815791103323;-2.9485891465411807;10.360723793277103;-1.309405804378081;27.31960020742786;0
10.360723793277103;-1.309405804378081;8.248467734724397;-0.9146488687709192;69.3364898326489;0
9.454757761070075;-1.1298470142298458;9.707978785606867;-1.4313060196833671;4.007610329359219;1
4.845930812462165;0.9726479470044985;5.664160469964057;1.6687503869322835;5.911754634868679;0
5.664160469964057;1.6687503869322835;6.890199693203182;1.881451507499707;11.91053061829027;1
4.946492815034599;0.9769609900062445;6.03576317473014;1.377733485584432;29.685040856787918;1
7.087918664401426;0.9553957750055796;7.07770356256004;1.3515147241913912;53.52407945111571;0
6.203744849456828;0.9158973812166707;6.167197485090511;1.1416511319141656;1.8421969468803367;0
6.82391503236531;0.9435916573212597;6.824482538023249;1.1398351138119873;16.112066604772465;0
6.511786920542842;-0.588787120026535;6.3411947197902405;-1.162762342391302;29.93516439869854;1
1.8163586085451695;-0.08336658114198027;1.8338377828073646;0.017762927092928836;52.13321152511946;1
1.8338377828073646;0.017762927092928836;1.7538194850490882;1.017140390584478;38.420395427664744;1
4.614388504055409;0.9628868496881534;5.19313077394041;1.5791979941239624;69.84626050514878;1
5.19313077394041;1.5791979941239624;5.872094543003686;1.9033572258990668;69.00286117552054;0
5.872094543003686;1.9033572258990668;8.818356916346662;2.130018985643618;2.411366725023295;0
4.027928157223549;0.937916600740864;4.614388504055409;0.9628868496881534;55.72104378553877;1
-1.2531659936847672;0.6575688057644792;-1.6655156046855104;0.9877435975025446;3.8512971063522494;0
-1.6655156046855104;0.9877435975025446;-2.228935221808181;0.9718534390822754;38.93887314142408;0
0.3653601425302687;0.6684649143936775;0.3509454988205395;0.7813985403048417;29.44857117920659;1
-1.2627000887368278;0.7127303557078606;4.027928157223549;0.937916600740864;61.63033819196204;0
-1.2531659936847672;0.6575688057644792;-1.2308062707649035;0.530901542925854;24.595556121944476;1
0.1254187503873291;0.16020684721086015;-0.24209791364230043;0.21309837452853506;30.881120773672627;0
1.0677051446973962;0.02445949385327954;0.1254187503873291;0.16020684721086015;22.780767173991258;0
-0.24209791364230043;0.21309837452853506;-1.290507865971795;0.36405487951705995;20.224361249966275;1
-1.2308062707649035;0.530901542925854;-1.290507865971795;0.36405487951705995;33.76583866857626;0
0.36422513121439115;0.12581600434592044;0.3653601425302687;0.6684649143936775;8.566550513526504;0
-1.9530139709568635;0.12036795003132127;-2.43414526769051;0.5036612713528581;1.5741242073494643;0
-2.43414526769051;0.5036612713528581;-2.228935221808181;0.9718534390822754;51.576280604537395;1
-2.228935221808181;0.9718534390822754;-2.8589800031638903;2.896605628278627;8.19714576328706;1
-3.2953918540578093;1.4551412573178033;-2.292041850962201;1.6124538256760488;53.08738739338864;1
-1.9530139709568635;0.12036795003132127;-1.6022954744001043;-0.860622330140391;3.4555689281204782;0
6.200226314377809;-6.016297730667931;6.491243215728181;-6.341932477146519;40.51123162437045;1
6.637432673192944;-4.193810061011277;5.098130326814969;-3.9822439517647714;12.794415490323875;1
5.799567319928991;-4.572109332541743;5.955517874709091;-4.091205038072885;25.13567126097066;0
4.437326738803213;-5.053240629276398;6.111354928357301;-5.373654323706183;46.5955393619011;1
4.437326738803213;-5.053240629276398;4.766934024887876;-3.956592696028157;47.249438848854844;1
4.766934024887876;-3.956592696028157;5.098130326814969;-3.9822439517647714;26.901824296291025;1
5.575516086206321;-5.283874928632065;5.73135313985453;-4.841447517764096;17.337938551392266;1
5.478132115317739;-4.6682447909855815;4.835148204962841;-4.559283704677468;67.41288498743201;1
5.741114237169867;-4.495155565339965;5.478132115317739;-4.6682447909855815;35.92235714788656;1
5.478132115317739;-4.6682447909855815;5.604799378151828;-4.854273145628371;27.759485127661275;0
5.73135313985453;-4.841447517764096;5.799567319928991;-4.572109332541743;34.086253115183474;0
5.73135313985453;-4.841447517764096;6.1211160256721335;-4.9055756571016;65.57816004519285;0
5.799567319928991;-4.572109332541743;6.257430884690173;-4.642593535248967;24.62077695941327;1
-3.331939218424126;-6.291197471329717;-3.3869872672361216;-6.158514648528131;2.777797442966514;0
-3.0270751790219643;3.991097040025995;-3.074291649755715;4.2149212714884134;29.75380462483078;0
-2.9149360610289907;3.65956023470928;-3.0270751790219643;3.991097040025995;53.18554455505743;1
-9.351017726812781;3.051648174011166;-7.594020210079841;3.2088472412365134;39.895090829452016;1
-2.486355788213316;2.195395637426873;-1.8815082580666602;2.2257004395558635;0.2894592566150722;1
0.03098580891932329;1.1648053627592767;0.45502603647199213;1.1809225234372778;32.2561742307068;1
0.45502603647199213;1.1809225234372778;0.37058119458259964;2.1203713894601712;17.270244784199562;1
-0.08830388036256959;2.297092651318209;0.22416473485506463;2.3155933357628795;47.77970886151127;1
1.599117442716756;2.414452821364017;1.67868173594848;1.777938475506193;64.14376648084323;0
0.3982754706861806;1.8116483115818078;3.365535553369867;1.92707896239254;28.80422867856736;1
0.3146251367174991;2.3607667861321837;0.37058119458259964;2.1203713894601712;53.30309945033776;0
0.1391523873077334;-9.04904796626525;-5.0430822780019655;-9.021921195817088;5.446784316183858;0
-5.0430822780019655;-9.021921195817088;-5.121625061049702;-8.027878285515305;46.904647688988064;1
-5.121625061049702;-8.027878285515305;-5.725678083275143;-7.617458193745605;56.34676274878609;1
-5.725678083275143;-7.617458193745605;-9.602876737770924;-7.341763945161596;53.189253971243474;1
-9.602876737770924;-7.341763945161596;-9.729544000605012;-7.239158922223204;39.80247302401759;0
-9.729544000605012;-7.239158922223204;-9.602876737770924;-5.866816740382889;57.37511480653075;1
-9.602876737770924;-5.866816740382889;-9.542607636906093;-5.249597586900024;7.393741945904636;0
-9.542607636906093;-5.249597586900024;-9.476209474936331;-4.135470479387068;3.7791596737447817;0
-9.476209474936331;-4.135470479387068;-9.774490448707512;-3.05947975208437;7.176120696806432;0
-9.774490448707512;-3.05947975208437;-9.62682547653221;-2.960166261959704;49.79348514232595;0
-9.62682547653221;-2.960166261959704;-15.584386371609275;-3.128828943478741;28.859149990558908;1
-15.584386371609275;-3.128828943478741;-15.896514483431742;-3.002388682905912;5.109063878633503;0
-15.896514483431742;-3.002388682905912;-16.499999999999748;-3.2390385422326053;16.126963936000376;0
-1.421942176332166;1.7176693746469074;-1.011976089094564;2.264063822031919;47.97494507938757;1
-5.714214468986493;5.9630656999596265;-6.810521898839064;8.104605050459352;55.718750425252615;1
-6.810521898839064;8.104605050459352;-7.356121838305381;9.976579213470925;8.213708115181774;0
3.294824348400879;2.4958331327004397;3.4268261644186846;1.3098598089096742;40.32277772276069;1
3.4268261644186846;1.3098598089096742;3.919875079967029;1.3433426427194923;32.55491853823336;0
4.433921704856084;0.6169354006627171;4.118842563612536;0.6110333418165248;37.117411857766605;1
-1.8815082580666602;2.2257004395558635;-0.08830388036256959;2.297092651318209;22.781045291763416;0
-1.8815082580666602;2.2257004395558635;-0.7519449966635156;1.0219074381097524;7.505439492612336;1
-0.6880438595882804;3.7334494713631283;-2.3983924112454087;3.6029231700543503;52.15777876116945;1
-2.3983924112454087;3.6029231700543503;-2.505537479448823;3.519499838349953;65.85627565076658;0
-2.505537479448823;3.519499838349953;-0.6545610257744299;3.5708023498151173;36.40825031305028;1
-0.6545610257744299;3.5708023498151173;-0.6880438595882804;3.7334494713631283;27.727753374043374;0
-4.162199995872102;-7.289212921242616;-3.9770796502783856;-7.981796826098943;45.82312675624127;1
-3.9770796502783856;-7.981796826098943;-4.021799096118113;-8.29880548657404;45.800896578283854;1
-4.021799096118113;-8.29880548657404;-5.107210417339973;-8.276786267049847;6.561364347834747;1
2.5439008619213506;-8.914549125353421;4.653886897842301;-7.695660473401199;63.287057794749735;0
-0.6228942100662856;7.481483838130293;-0.43164480336763694;6.202893590967148;40.47963529362108;1
-0.43164480336763694;6.202893590967148;-0.7239102171652723;6.022653794037652;16.10071824855251;1
-3.3574769730278424;6.78288437330294;-2.2878423090943616;7.700768024325169;48.22221176805158;0
-2.2878423090943616;7.700768024325169;-1.5543979968765245;7.56660968680397;18.042011262098097;1
-1.6420208704502732;6.143305496897186;-0.6484319646700017;6.226728828601583;9.981102757453758;0
-0.6484319646700017;6.226728828601583;-0.7573930509786189;7.394995975869901;12.935220419378625;1
-1.6420208704502732;6.143305496897186;-2.236312795360377;6.611384163493705;28.97230110231453;1
-4.60360589655558;5.936846938566585;-4.688277740707745;6.917269713081871;40.21611558544075;0
-1.6220446712935506;6.002904597139165;-1.6420208704502732;6.143305496897186;52.05143229116943;1
-5.464625480659603;4.1139052643864025;-6.06311694743805;5.933555405752859;24.60704821026295;1
-6.06311694743805;5.933555405752859;-5.714214468986493;5.9630656999596265;63.81795332195356;1
-6.06311694743805;5.933555405752859;-7.32400101807018;5.85365060911992;16.393275263979454;1
-5.871300035081966;5.375924346339954;-6.760581400947509;4.6750548588788305;47.99753417083885;0
-10.088661580898458;-1.8565947596853158;-10.68034297978265;-2.1339915252466692;33.13657179824078;1
-10.68034297978265;-2.1339915252466692;-10.641412091653695;-2.3006111863977314;24.68550157800498;0
-8.730620541641024;-1.6795329944366484;-8.463665880183827;-1.660691806593283;22.451554990961906;1
-8.463665880183827;-1.660691806593283;-8.450499748921363;-1.3578707875611118;9.40344808486879;1
-8.450499748921363;-1.3578707875611118;-8.078443039628727;-0.8679999036981314;62.569168576521975;0
-8.078443039628727;-0.8679999036981314;-8.164363396228659;-0.16735741850280392;37.96559261955897;0
-8.164363396228659;-0.16735741850280392;-7.882086082009133;0.3816475549146737;64.1657747816887;1
-7.882086082009133;0.3816475549146737;-7.596176731579706;0.5511047443478692;45.405945548343254;0
-7.596176731579706;0.5511047443478692;-7.865514916800043;0.7378141057799835;16.97326197101967;0
-7.865514916800043;0.7378141057799835;-8.378880534899269;0.6280585115496473;41.74750561203232;1
-8.378880534899269;0.6280585115496473;-8.206245313778693;0.8010342360704301;52.29489946337364;1
-8.206245313778693;0.8010342360704301;-8.546294703968018;0.6835605648917236;43.8856089656446;1
-8.546294703968018;0.6835605648917236;-8.049386749946496;0.9810470307421938;63.51402595345086;0
-8.049386749946496;0.9810470307421938;-7.025039037510178;0.8499532237769892;21.02514665071337;1
-7.025039037510178;0.8499532237769892;-6.850587798283895;0.9741234617160466;32.40700116968436;0
-5.304134880617001;-3.450037145822684;-4.98485619750511;-3.5864655059776545;17.576678390162034;1
-4.98485619750511;-3.5864655059776545;-4.722101077916258;-3.2408545603347836;33.62149003219287;0
-4.722101077916258;-3.2408545603347836;-4.997795326504299;-3.1330284853475887;47.191602810652725;1
-4.997795326504299;-3.1330284853475887;-5.348740825324839;-3.3263209124071556;4.1043311314624;0
-5.556674898364467;-3.2675273262594176;-5.304134880617001;-3.450037145822684;42.7152091879898;1
-5.304134880617001;-3.450037145822684;-6.0657274734644675;-4.371779835323131;49.488937212119644;1
-6.0657274734644675;-4.371779835323131;-6.7399241950014614;-3.7046201839376214;56.529325356807696;1
-6.7399241950014614;-3.7046201839376214;-7.015391441326226;-3.7786229217243683;37.164896797236466;0
-8.751277747587071;-3.8687428201971805;-9.65463325376768;-3.4671758166887052;38.319146582732955;0
-3.5943538346183157;-5.6154117339568455;-4.4495848610120685;-2.4271649480953936;29.659067445573825;1
-8.223837989172274;3.5565012072392945;-7.3347836255695045;3.5670568124778628;63.24468968226278;1
-7.492096193928254;3.8822494548507804;-7.670860476154266;4.761088716615693;29.40099709216023;1
-7.1597648806857865;4.145799082359839;-7.563942410213119;4.235805479699754;50.66143882503218;1
-7.926692026716971;4.738388490294111;-7.747927744491462;3.859549228537262;58.21652817048485;0
-8.193873690437442;4.714666753800637;-8.01510940821143;3.8358274920357243;55.280337901709814;0
-7.670860476154266;4.761088716615693;-7.424790022906394;4.78288093387409;17.114550118787847;1
-7.424790022906394;4.78288093387409;-7.340912686674436;4.370531322869314;20.6060295694211;1
-7.340912686674436;4.370531322869314;-7.586983139922308;4.348625604478019;40.63022147882261;0
-7.670860476154266;4.761088716615693;-8.473313476367275;4.6892425003298195;44.148269122562176;0
-8.473313476367275;4.6892425003298195;-8.270486954248591;3.811311247620028;62.14197389389488;0
-8.270486954248591;3.811311247620028;-7.492096193928254;3.8822494548507804;7.394840239058257;0
-11.830222943737683;1.7897425931905129;-11.302102178533561;1.9551137418958238;68.65825919437975;1
-7.656786335839199;3.0751429082469075;-8.10931534741616;3.031444972589151;35.573717926743655;1
-8.10931534741616;3.031444972589151;-8.117600930020958;3.068786844877187;51.89786735241627;0
-8.117600930020958;3.068786844877187;-7.665071918443996;3.1124847805268785;56.06148740879934;0
-7.665071918443996;3.1124847805268785;-7.656786335839199;3.0751429082469075;40.047101089264544;0
-6.845480247363454;3.775331388910642;-6.72664456260761;3.6438970785467424;60.29211306392295;1
-6.596912769221055;3.2692298432286977;-5.070890055236933;-0.6282855138154438;28.68689195404595;0
-5.070890055236933;-0.6282855138154438;-4.803367888121798;-1.978948979522195;14.054164467839769;1
-6.72664456260761;3.6438970785467424;-6.596912769221055;3.2692298432286977;27.12783695134417;0
-6.828228075364535;3.057323230583497;-6.506792870752779;2.8433735975703223;10.187205617483148;0
-6.506792870752779;2.8433735975703223;-5.481877652658522;0.23262056915316054;24.317048464093205;1
-5.481877652658522;0.23262056915316054;-4.876576117985818;-2.007551264673841;1.3442875737896676;1
-4.589418255109127;-2.6047942190085527;-3.9936508154879795;-4.685950967508028;46.736348039059884;1
-9.24205664050366;2.4882285568849674;-9.53784058937981;1.6730634299340295;2.649917413346663;1
-11.872785868077042;3.8358274920357243;-11.176683428146736;3.88361146842943;32.11920528965643;0
-10.873862409112549;6.071345779478414;-10.325878945883595;5.6065586456875565;19.106886175141216;0
-7.431713591932037;4.301522634873638;-7.374509021619673;3.8987071189274762;4.091864922664428;0
-7.374509021619673;3.8987071189274762;-6.7966747607872735;3.634816988027787;5.901395508613766;1
-7.379730073672004;4.561440226178341;-7.065331939218285;4.5430530428665685;56.495642145928414;0
-11.693794583588257;2.4634853102034744;-9.803660239521633;2.068841875729211;6.913680037752256;0
-9.62830099124275;1.7425261224612985;-9.35090422568089;1.687364572517917;65.46246041367786;0
-9.598223191376531;1.8191393862724465;-9.543402144827308;1.8172098670293053;29.8664199617873;0
-9.543402144827308;1.8172098670293053;-9.315605373762343;1.7706744030894157;5.167547950378061;1
-9.35090422568089;1.687364572517917;-9.453622749753695;1.469101896502996;11.216577178006897;0
-11.557820227964879;1.9778139682093419;-9.53784058937981;1.6730634299340295;28.687834538768392;0
-7.781183576042037;2.650194671635589;-7.470190475534943;2.93179097906579;9.809147105978857;0
-6.77011549599957;3.31587880830955;-6.41406244625859;3.3551501998326625;12.448314491919685;0
-6.41406244625859;3.3551501998326625;-3.7211345985837907;3.2451676033365295;51.131717288888034;1
-3.7211345985837907;3.2451676033365295;-2.7465003817762543;3.411219758831165;27.27604491881631;0
-2.7465003817762543;3.411219758831165;-2.5056509805807137;3.2548151995199763;16.6535279258275;1
-6.7966747607872735;3.634816988027787;-6.667396971926767;3.261511766288392;49.06824967807881;1
-7.836118123722646;2.518533359013958;-7.781183576042037;2.650194671635589;13.865317285239886;0
-5.913295453763387;4.052614653339097;-3.5733561252771016;4.253738658487998;37.854064746771726;0
-3.3974293713407833;3.2885250355955913;-3.373594133710884;3.2139547921524176;0.19155850683950648;0
-7.594020210079841;3.2088472412365134;-7.396414740012984;2.9557397178331244;66.20947741188601;0
-7.396414740012984;2.9557397178331244;-6.759900394158184;3.083655493109436;37.769469493724834;0
-6.759900394158184;3.083655493109436;-6.667396971926767;3.261511766288392;48.03525117864046;0
-7.6137694069732875;2.6298779690887404;-6.815856452022781;2.1084537706429534;40.08456769143249;0
-6.815856452022781;2.1084537706429534;-6.392724233523217;1.4512822188476504;24.343979209213277;1
-6.392724233523217;1.4512822188476504;-5.904669367763927;1.1887541015185465;26.47660377766239;0
-11.64192456645961;3.301123661202134;-10.48194300179508;3.282282473358769;44.6865306564012;0
-10.48194300179508;3.282282473358769;-6.966472453619163;3.797010105044205;26.42639050887293;1
-10.003762734482514;-5.596457044980582;-3.559281984962539;-5.936279432910158;61.518947042160676;0
-3.559281984962539;-5.936279432910158;1.759835045022634;-6.481311866716521;16.420218840678046;1
1.759835045022634;-6.481311866716521;6.474899052781863;-7.173895771564783;56.95083447330684;1
6.474899052781863;-7.173895771564783;14.276853335901837;-8.688114367866602;54.07172439703739;0
3.8660755436017937;-0.9239559615637359;3.5727886196201712;-0.808525310753004;34.880396346636154;1
-8.218049431462005;-8.27485674781477;-8.196143713068693;-7.9962114698076645;11.307522613037694;1
-8.196143713068693;-7.9962114698076645;-7.831237575064978;-7.926862278413294;25.242711718046237;1
-9.464859361779068;3.5994046349748277;-9.351017726812781;3.051648174011166;5.69401399595935;1
-10.054043735769234;5.380464391599432;-9.997860675640858;5.333588424260848;42.888845430988155;0
-9.572571935640925;4.1002851285999045;-7.02674155448349;4.337729495848821;14.717565979839863;0
-9.803660239521633;2.068841875729211;-9.61536186224356;1.8400235944757217;2.8184715728825074;0
-9.61536186224356;1.8400235944757217;-9.62830099124275;1.7425261224612985;17.02029227431542;0
-9.315605373762343;1.7706744030894157;-9.35090422568089;1.687364572517917;32.22818023643185;1
-3.9936508154879795;-4.685950967508028;-3.450320898653418;-6.334668404721676;44.13093557752495;0
-9.140700130010012;2.5051402254932564;-9.315605373762343;1.7706744030894157;14.968769133144425;0
-10.324062927778392;3.394648593621571;-11.64192456645961;3.301123661202134;29.468485419807696;1
-7.823519498118119;2.8835529981485557;-8.448910733079437;3.1299639547915943;7.19290512365731;1
-9.604579254744236;3.390222049486927;-9.669388400872071;3.5683053249236143;26.875145233724176;1
-9.669388400872071;3.5683053249236143;-10.216350353916534;3.5558202004499693;8.527949197274001;0
-10.216350353916534;3.5558202004499693;-10.251876208098864;3.3246183954378754;20.700129877849005;1
-8.0107963652117;1.8517142110271434;-7.530800079794435;2.8830989936250275;13.877378399679372;0
-7.530800079794435;2.8830989936250275;-8.097057225206296;2.9719703796440236;2.1990062492352855;1
-7.656786335839199;3.0751429082469075;-7.420136476512002;2.9020536825932264;69.21426525951601;0
-7.853937801379503;3.697015608122149;-9.556454774957883;3.446745613008958;2.20450084551301;0
-4.345390822229231;-2.0064162533609875;-4.857507927881696;-1.877819471287286;69.71340213673251;0
-10.074814442846668;3.6833954723356515;-10.265155840492715;3.537773520528827;33.73844574422718;1
-4.588964250582575;-1.9601077916788296;-6.449361298177643;3.182514978710574;0.28248636129935556;0
-7.7854966190417665;2.7903685691278137;-7.885945120482814;2.4858450331182977;52.896346422132936;1
-7.885945120482814;2.4858450331182977;-8.096035715022309;2.517965853357531;35.72606066630699;0
-7.198241764288692;4.038086508497478;-7.449079265062342;3.7751043866448453;68.68502378824864;0
-7.449079265062342;3.7751043866448453;-10.324062927778392;3.394648593621571;27.43040058119709;0
-6.456738871729335;2.8809424721241546;-6.9378701684629815;3.0057937168525366;61.675841491272415;0
-6.9378701684629815;3.0057937168525366;-6.5821576221166636;3.230525957362012;7.444730666814621;0
-5.30901542927467;-2.280861989499245;-4.976570614900817;-2.3380665598186656;58.6748411121326;0
-4.97112256058521;-2.0776949639904347;-5.30901542927467;-2.280861989499245;28.955141715461142;0
-4.262875499576427;-2.2321700040584824;-1.470861164039733;-2.0574917625684197;66.68831798864922;0
-12.391145535965824;6.354871606143692;-11.07214888596873;5.1862639554766785;3.698956412157328;1
-11.054783212838425;6.564281193897389;-10.551178692054032;6.221621277677614;52.026789991824174;0
-10.551178692054032;6.221621277677614;-10.298525173174676;5.877031842230828;27.859134531509937;1
-10.298525173174676;5.877031842230828;-10.459810281138493;5.790884483361066;37.6437043376753;0
-10.459810281138493;5.790884483361066;-10.325878945883595;5.6065586456875565;21.171366540923717;1
-10.62098188797042;6.864491686905159;-9.695380160001836;5.874648318464159;23.5774811223681;1
-3.8112544970520665;5.954666616221931;-3.9185130663873715;6.8155726991986;5.001449192564602;1
-3.9185130663873715;6.8155726991986;-4.261740488261053;7.109881133360178;44.14784336477191;0
-4.261740488261053;7.109881133360178;-4.241196783446392;7.610875128118153;62.172167651258185;0
-4.241196783446392;7.610875128118153;-4.667393532498925;8.017663183675431;69.47722131304906;1
-4.667393532498925;8.017663183675431;-4.874419596485953;8.806950052623959;0.14696403229159327;1
-4.874419596485953;8.806950052623959;-5.625570085228757;8.902858508802;7.184579617288051;1
-5.625570085228757;8.902858508802;-6.232120132348725;9.680454761199105;54.522012702075116;1
-6.232120132348725;9.680454761199105;-6.082979645463387;10.123109174332871;58.91625828973127;0
-6.082979645463387;10.123109174332871;-3.8841222235209196;10.213229072797619;42.0963416750418;1
8.248467734724397;-0.9146488687709192;8.907568805762336;0.779015016546237;54.89215999780313;0
-0.7209591877441923;5.103748632827403;-0.7483129604531107;5.6887334649462025;23.873592498244708;0
-0.7483129604531107;5.6887334649462025;-0.49395692460044194;5.950126570962453;61.850965143936165;0
-5.199713839570886;3.5266504096338323;-5.027986627502408;3.536298005817279;27.08414100675068;1
-8.999618223466193;3.3343794927542207;-8.867616407447883;3.3458431070398458;57.95611804285964;1
-8.961595344389337;3.1997671507094934;-8.804055773767816;3.21213877405024;63.95864756440784;1
-5.240801249199705;3.693837576441321;-5.0537513843693995;3.7067767054384944;13.79277387959039;0
-6.742534721027376;4.290399523986708;-7.210159383103894;5.368092768258686;54.87148731415395;1
-0.7519449966635156;1.0219074381097524;-0.652404504274565;0.9073847963541419;63.49601691193437;0
-0.652404504274565;0.9073847963541419;-0.4927084121531783;0.745532182728354;55.35005618652201;0
-0.010101600709495418;0.2880091213623385;2.9223136345816907;-0.1293345394254432;47.75719065187883;0
2.9223136345816907;-0.1293345394254432;3.801947404263786;-0.6413381439455151;3.3413626692359113;0
-0.47261871186506954;-1.0626543443444127;2.0400693388736815;-1.4283549902683357;5.286782177875868;0
3.0270751790224684;-1.5122323264962612;2.056186499556723;-1.3818195263203814;24.590119994447267;0
1.7843512894418587;-2.214804330926665;2.1549324840244584;-1.0784310016317837;55.57465752004332;1
2.1549324840244584;-1.0784310016317837;3.0605580128363186;-0.8239614646416802;58.81680091798183;0
3.801947404263786;-0.6413381439455151;4.5177990410880415;-1.035414072763352;28.923871278746695;0
4.5177990410880415;-1.035414072763352;5.47325156666007;-1.2178103912017852;5.2680068665186655;1
5.47325156666007;-1.2178103912017852;7.5603103740037225;-0.8414406389063956;54.33622736116905;0
7.5603103740037225;-0.8414406389063956;8.248467734724397;-0.9146488687709192;48.81670800402194;1
-9.42320444649231;2.9803694633817193;-9.24205664050366;2.4882285568849674;6.059496850066112;1
-9.903087230778189;-2.988655045986516;-5.30901542927467;-2.280861989499245;57.416185234753435;1
-15.844757967434985;-3.1735483893164522;-9.903087230778189;-2.988655045986516;9.070508398461639;0
-9.53784058937981;1.6730634299340295;-8.12758902959957;1.581241014491937;30.583038871955313;0
-8.12758902959957;1.581241014491937;-7.461110385009435;2.872770390652256;61.18044428360888;0
-7.461110385009435;2.872770390652256;-6.9378701684629815;3.0057937168525366;39.05810351187363;0
2.2675256065434803;-2.3386340654750923;7.2742875224429095;-3.3383520323572715;42.62673012955085;0
-2.824362158034666;3.2441460931565747;-6.449361298177643;3.182514978710574;31.08898388915015;1
-3.5733561252771016;4.253738658487998;-3.350439902870309;4.2746228666912724;47.03345039459175;0
-6.449361298177643;3.182514978710574;-6.4913567168590625;3.2806934575223874;54.984268570709546;0
-5.913295453763387;4.052614653339097;-3.5733561252771016;4.253738658487998;14.587922691747076;1
-0.6095010765405439;-1.481246517577946;-0.9413783852569619;-1.7213014108512636;16.085686879590916;1
1.2325087877397278;-1.3148538586926803;1.0714506820391874;-2.0085727748618605;60.97062778628329;0
1.0714506820391874;-2.0085727748618605;0.8711211848145264;-2.0114103031520583;59.204794107446624;0
0.8711211848145264;-2.0114103031520583;0.7956429323192559;-2.2368235504508585;28.52751415587396;0
-0.7099495779815916;-1.8689663830260623;-0.6095010765405439;-1.481246517577946;33.271612042196466;0
-1.4672291278293284;-1.8886020787916509;-4.346412332413218;-2.0509086969409673;24.149528040851692;1
-2.824362158034666;3.2441460931565747;-2.9149360610289907;3.65956023470928;49.01874682039273;0
-3.735889745688182;5.959093160356575;-5.714214468986493;5.9630656999596265;26.38788645841801;0
14.132706898805553;-9.927319722365672;12.460608228488558;-9.577849738260714;35.645832720058664;0
12.460608228488558;-9.577849738260714;10.117604369449808;-8.459409587746011;46.6180574495144;0
10.117604369449808;-8.459409587746011;8.359471841401493;-8.141492918215793;65.99635432994448;0
8.359471841401493;-8.141492918215793;6.332001128132842;-8.331834315860329;5.500389806163191;0
6.332001128132842;-8.331834315860329;5.45134584826676;-8.636811856393374;68.32240867347545;0
5.45134584826676;-8.636811856393374;3.543391826543278;-9.703041486379725;69.19317157757807;1
8.767735411665782;1.2623028347737002;7.008694874564364;2.311847798425625;57.64586778544271;1
7.008694874564364;2.311847798425625;4.985537204295443;2.993195091245994;15.347264177104496;1
4.985537204295443;2.993195091245994;2.9994944040507776;3.307252722306058;1.6771103059057446;1
2.9994944040507776;3.307252722306058;-0.20838807756567754;3.3624142722494397;37.934124852718746;0
-0.20838807756567754;3.3624142722494397;-2.824362158034666;3.2441460931565747;0.9973426354892423;0
0.22416473485506463;2.3155933357628795;3.523415627386555;2.4613287887026014;61.73056347693617;0
0.22416473485506463;2.3155933357628795;3.523415627386555;2.4613287887026014;20.046985430446938;0
3.4104820014723667;1.4738689440282704;3.108001485833346;1.4650158557670467;2.8176032045908017;1
3.0608985162309814;1.760345800116644;3.3804042016061486;1.7772574687168683;7.876305961927789;0
2.9595420057373323;2.067025857618968;3.349758896081488;2.0857535443294353;4.714685770150892;1
2.9386577975280086;2.2311484938785275;3.3338687376612186;2.2460171421107766;35.19818514400432;1
0.8663541372887481;2.1396665818270653;0.37058119458259964;2.1203713894601712;26.43017642536565;0
3.4268261644186846;1.3098598089096742;3.0208326167861497;1.292494135777857;7.499859529495208;0
0.4407248938941531;1.3399376087728678;0.8954104269709787;1.357189780771787;40.48247139825863;1
3.419562091998379;-0.5002562374062336;3.5609845019368596;-0.4382846195615385;53.654550513494776;1
0.8826983002350658;1.973841428598226;0.38544984281837746;1.9544327351064987;31.098628037914835;0
3.523415627386555;2.4613287887026014;3.6239776299589894;2.465074326047921;7.918205645193876;0
0.412122608737971;1.657513774912455;0.8947294201816538;1.675787457091329;69.9996302614063;0
8.818356916346662;2.130018985643618;9.982765025142811;2.0175393642559825;26.756752246178785;0
9.982765025142811;2.0175393642559825;12.113748770404976;2.199368177037989;3.8410748664799854;1
12.113748770404976;2.199368177037989;13.304829645120215;2.4925415998867133;45.41597878404834;0
13.304829645120215;2.4925415998867133;13.412882722376734;3.120089356342351;69.98471831430781;0
13.412882722376734;3.120089356342351;13.255343151754708;3.515754301004634;22.47169962098186;1
13.255343151754708;3.515754301004634;12.9509331168791;3.74411857772653;25.282609418415;0
12.9509331168791;3.74411857772653;12.433367956911026;3.802231157093008;11.411153577580672;1
12.433367956911026;3.802231157093008;11.74225956677028;4.341134529795445;60.716203427059256;1
2.288977320410743;1.8873535663458993;2.2414203462818256;2.4453251291494342;55.143090061831295;0
2.9784966947100675;1.9119833118944938;2.9118715304770286;2.477445949388667;56.4701480453758;0
5.8708460305564225;-0.35633680256868955;5.824197065480106;-0.5416841504302189;17.45386249698592;0
5.824197065480106;-0.5416841504302189;4.019415572355476;-0.2775670172566685;19.152134921750942;0
-1.290507865971795;0.36405487951705995;-1.9530139709568635;0.12036795003132127;31.917480450630443;1
0.8434269087109455;2.3828995067892755;0.8968859416815187;1.8310570050815997;19.068161851745533;0
3.5727886196201712;-0.808525310753004;3.614897539433481;-0.6517802480511852;34.60160532190553;1
3.614897539433481;-0.6517802480511852;2.9702111121052703;-0.24374368004815544;19.71953322776828;1
2.9702111121052703;-0.24374368004815544;1.0677051446973962;0.02445949385327954;41.99713330405079;0
-3.9988718675403105;-4.464396758679381;-3.5943538346183157;-5.6154117339568455;60.08056059155579;0
-4.954891898770278;3.4012316592490235;-4.934688697350783;3.2732023828398136;21.55174857747997;0
-4.934688697350783;3.2732023828398136;-4.688958747497574;3.284665997125438;61.015134224246886;1
-4.688958747497574;3.284665997125438;-4.706324420627879;3.444248588117455;13.345494087289811;1
-4.706324420627879;3.444248588117455;-4.954891898770278;3.4012316592490235;3.3462938998610223;1
-4.452649391564535;3.295675606887535;-4.462750992274534;3.343232581015444;52.88510504478371;1
-3.9040984226776425;3.4576417216381565;-3.870729089995682;3.323029379593429;58.4605652584072;1
-4.793152786280412;3.443113576796537;-4.905178403142;3.90449567664077;33.413466245682066;0
-3.6709670984289597;3.481817462663223;-3.6235236254319325;3.289887049174241;13.826034558987265;0
-0.2736512282195625;4.3329624483235465;-0.21905718393311174;3.5213158564521314;36.13725097015404;0
-2.7465003817762543;3.411219758831165;-2.4762541875033164;3.4681973268767248;49.52500683956112;1
-4.70439490139129;3.426315409329211;-4.443909804433689;3.343232581015444;58.21669476566386;1
-4.404184408383521;3.4057717045085014;-3.4475968714956142;3.504971693508334;50.22135215899655;1
-3.4475968714956142;3.504971693508334;-3.3974293713407833;3.2885250355955913;27.6773598707509;1
-2.3788702166147346;3.4490156356427293;-2.3383503126438545;3.2627602787341434;18.817659876692034;1
-5.441925254345077;3.2705918568073473;-5.417182007662576;3.2120252729173413;31.915614795733642;0
-3.284382244295209;3.2188353408105903;-3.182458228143621;2.915673818387789;20.688885900135375;1
-3.785035735659026;3.193638089605569;-5.16327997633646;3.1268994242436645;50.135692405943466;1
-9.867901879991026;4.075087877394884;-11.176683428146736;3.88361146842943;63.944938450147156;0
-11.95972773486096;4.8515491184710715;-11.316176318848123;4.23501097177753;38.251395542392984;0
-11.316176318848123;4.23501097177753;-11.259652755325588;3.972028849924898;18.347416283288606;1
-9.22253444587349;4.916131262340167;-9.60957330453329;4.745993066109582;12.920272393734738;0
-9.60957330453329;4.745993066109582;-9.622285431269708;4.6892425003298195;33.807738460279;0
-9.622285431269708;4.6892425003298195;-9.147737200167546;4.800814112662334;61.05081728752348;1
-9.147737200167546;4.800814112662334;-9.22253444587349;4.916131262340167;23.773149588651044;1
-9.441818632070383;6.0979050442620855;-8.362422870821565;5.347322061180244;53.37341008904924;1
-8.362422870821565;5.347322061180244;-9.125150474984405;4.888209983969782;13.645700700872506;0
-11.388249537396769;3.8690833235878106;-11.395513609817074;3.9031336630621203;14.510458161363676;0
-10.882374993980621;3.874985382434003;-10.825056922536872;3.5871465127669793;17.06709101619746;1
-10.497946661346736;4.348398602220287;-10.464009823006837;4.178373907122601;38.25140883487451;0
-10.664112317967717;4.4129807460813195;-10.853886209955826;4.3465825841100445;22.913638574280885;1
-7.594020210079841;3.2088472412365134;-6.77011549599957;3.31587880830955;49.77176588716844;0
-9.079296017829808;4.903873140132319;-8.509293335075652;4.784015945186943;14.396326516690504;0
-5.116063505602205;3.283076981280992;-5.588001210678454;3.203172184656118;44.37730904753402;1
-11.022208388077177;5.0017111155454375;-10.511907300529913;4.764380249429419;53.75439209078783;0
-10.511907300529913;4.764380249429419;-10.60656724426069;4.615807268199499;59.3030362547791;0
-11.382460979686499;5.046544062516047;-10.497946661346736;4.348398602220287;68.82159803292457;0
-12.073682870959136;4.691172019564896;-11.50572320857346;4.260094721857718;5.8209191539142155;1
-11.50572320857346;4.260094721857718;-11.395513609817074;3.9031336630621203;37.44788547542295;0
-10.497946661346736;4.348398602220287;-10.438018063876568;4.464737262078076;1.9878404999768107;0
-10.438018063876568;4.464737262078076;-11.144108603385487;5.1536891307219825;51.716080427646666;0
-7.210159383103894;5.368092768258686;-7.027990066930753;4.247382595118276;32.80667638749686;0
-9.997860675640858;5.333588424260848;-10.061421309320925;5.011131709463088;39.0927085781453;1
-1.0312712814619616;3.3241643909143472;-0.999263962358651;2.9442761035394347;60.98596886841702;1
-10.205340744154437;5.5063371465158335;-10.068458379478459;5.575005331112815;0.3033449417234868;1
-0.999263962358651;2.9442761035394347;-1.6094460456890238;2.849048654150718;61.87226103690057;1
-10.325878945883595;5.6065586456875565;-10.054043735769234;5.380464391599432;12.518028142165473;0
0.0223597229198638;1.247093683142756;-0.562284605806793;1.1688914034952262;68.19940968645113;0
-10.061421309320925;5.011131709463088;-9.867901879991026;4.075087877394884;57.3608366142022;0
-9.867901879991026;4.075087877394884;-9.572571935640925;4.1002851285999045;66.6460788488918;1
-9.572571935640925;4.1002851285999045;-9.464859361779068;3.5994046349748277;25.260529307068996;0
-2.3276812062759165;7.23064633735261;-2.286026290989159;6.817615719566574;12.875853891114406;0
-2.286026290989159;6.817615719566574;-3.3574769730278424;6.78288437330294;22.242905439784188;0
-2.2494789266228423;6.609227642000897;-2.286026290989159;6.817615719566574;43.17603802868291;0
-3.658595475087709;5.9630656999596265;-3.698320871137878;6.777549820121239;41.157039665981024;1
-3.698320871137878;6.777549820121239;-3.3574769730278424;6.78288437330294;23.635359523447367;0
-2.9900738101295987;-2.8043292083130065;-2.708477502699398;-3.6490046294707117;21.66828329950956;0
-2.708477502699398;-3.6490046294707117;-0.6105225867250352;-3.34754562401719;45.7585726423115;0
1.457127527120337;1.7684043804556446;1.8006954523881766;1.7831595275630605;27.24804214321175;1
1.8006954523881766;1.7831595275630605;1.7279412270507097;2.436812544286905;51.4079372645485;1
1.7279412270507097;2.436812544286905;1.389707854966587;2.4231924084923424;19.819783577337766;1
1.389707854966587;2.4231924084923424;1.457127527120337;1.7684043804556446;12.765769757061992;1
-3.121508120489466;3.87316936432376;-3.0108445172070324;3.64639410344631;21.816063578961572;0
-3.153742441856053;3.971688346526203;-3.121508120489466;3.87316936432376;50.86067924482412;0
-3.2385277871401077;4.188702510095372;-3.153742441856053;3.971688346526203;61.80448615211736;0
-3.0108445172070324;3.64639410344631;-2.824362158034666;3.2441460931565747;68.25917378872732;1
