x1;y1;x2;y2;road-width;sidewalk-width
-9.67177192463471;-5.8505860785719905;-9.593910148376802;-5.202948621819171;1.5885063192594129;6.703738204131826
-9.593910148376802;-5.202948621819171;-9.535457065617173;-4.247496096251175;4.11613950765209;1.1273134372384863
-9.535457065617173;-4.247496096251175;-9.903087230778189;-2.988655045986516;3.856280720558496;4.287564831030193
1.3319357789962842;-7.375019776713683;3.045916366863817;-9.65616551904114;4.4347676907261295;3.127509564159583
-1.7621050676533812;-10.32911372813188;-2.43982032426889;-9.032476801055656;12.649621130886226;1.2008031741357739
-2.43982032426889;-9.032476801055656;-3.1845012485121;-6.791169955907737;10.178973062066357;0.3034075708527695
-4.726641123179264;-2.4567887434350593;-4.35254139351815;-2.37313840947293;0.01873799347751115;1.1955855232354784
-4.35254139351815;-2.37313840947293;-4.306119430705614;-2.091088097511136;15.835854658744797;8.453603781182649
-4.306119430705614;-2.091088097511136;-4.614048000659738;-1.9574972656544285;13.837578277095412;3.700516363464672
-4.614048000659738;-1.9574972656544285;-4.947514325218082;-2.0531787195666737;13.858803499660489;2.8206919850339265
-4.947514325218082;-2.0531787195666737;-5.000746355925379;-2.306059240712331;1.7102748574013815;1.9446842635799078
-5.000746355925379;-2.306059240712331;-4.726641123179264;-2.4567887434350593;5.480266363629546;6.157148590409766
-3.331939218424126;-6.291197471329717;-3.5733561252771016;-6.450666561188835;4.406875979826415;2.9923426519334506
-3.5733561252771016;-6.450666561188835;-3.527728670385277;-6.678009327730776;0.766131678004065;9.202967907902606
-3.527728670385277;-6.678009327730776;-3.1845012485121;-6.791169955907737;4.067306189472568;0.5897466316791711
-3.1845012485121;-6.791169955907737;-2.8536454499801733;-6.6486125346488425;0.9041205756978243;0.8992426364753914
-2.8536454499801733;-6.6486125346488425;-2.8974568867667956;-6.374280299643484;19.320577726256563;3.4942476453882376
-2.8974568867667956;-6.374280299643484;-3.331939218424126;-6.291197471329717;10.427805803490237;3.4635797483119
-10.003762734482514;-5.596457044980582;-6.506338866226731;-5.955574625277052;8.457934112581263;0.5011121252937878
-6.506338866226731;-5.955574625277052;-3.5918568097237884;-6.563940690498694;9.64056812385561;9.29314233282434
-3.9988718675403105;-4.464396758679381;-3.956308943200952;-4.937128971676341;12.503785046367838;5.975180329591796
-3.956308943200952;-4.937128971676341;-4.237905250630649;-5.157548169192135;7.393588366046886;6.630739343096492
-4.237905250630649;-5.157548169192135;-5.532158653944739;-5.3400579887634665;1.5106416814185764;9.293217168770164
-5.532158653944739;-5.3400579887634665;-11.455215205023967;-5.3592396799974615;18.761969366488685;3.4209890935138345
-6.432676631836158;3.944675077219004;-6.466726971307948;4.1691803154626825;8.676827190044293;6.085495949397676
-6.466726971307948;4.1691803154626825;-6.742534721027376;4.290399523986708;16.208612939522947;1.673922551496203
-6.742534721027376;4.290399523986708;-7.196879750710043;4.056246689551518;2.4725132799029947;2.3920484204436434
-7.196879750710043;4.056246689551518;-6.845480247363454;3.775331388910642;4.095915960674343;4.890033836643504
-6.845480247363454;3.775331388910642;-6.432676631836158;3.944675077219004;7.35984211890107;5.96584936311096
-9.868355884517579;-7.317247700737836;-9.67177192463471;-5.8505860785719905;7.413226725620012;7.873862559854434
-9.680511511766058;-7.440055925106308;-5.6296561259652105;-7.712685643134322;14.164121421817324;8.486961696079419
-5.6296561259652105;-7.712685643134322;-5.107210417339973;-8.276786267049847;16.47138189992197;2.274885961478934
-5.107210417339973;-8.276786267049847;-5.214695988938554;-9.051544991156753;16.583383657664182;7.384993023162471
-7.668022947864572;-7.543795959357554;-7.669271460311836;-7.986450372491319;6.542030929274267;6.255995567014244
-7.669271460311836;-7.986450372491319;-7.1201529857675085;-8.719440680183611;6.878098184427666;7.994388230586016
-7.1201529857675085;-8.719440680183611;-7.397095746802813;-9.639140349308018;4.28303665388434;7.817006787551798
-9.090192126460519;10.32911372813188;-8.096489719548861;8.489260385351473;11.802011599849935;3.164094669616561
-8.096489719548861;8.489260385351473;-7.210159383103894;5.368092768258686;13.344207517289394;7.315797470107973
-3.350439902870309;4.2746228666912724;-3.147045875093182;4.187340496516723;18.384419382284786;7.881937876477113
-3.147045875093182;4.187340496516723;-3.0287776959952764;4.3094677140878055;4.660300052548781;4.259938795220579
-3.0287776959952764;4.3094677140878055;-3.2201406038258154;4.396296079738827;16.45639621571081;8.552741186656654
-3.2201406038258154;4.396296079738827;-3.350439902870309;4.2746228666912724;10.783505929013568;4.357357213221581
-6.432676631836158;3.944675077219004;-5.913295453763387;4.052614653339097;0.9262028799878852;2.873827861314319
-3.735889745688182;5.959093160356575;-3.2201406038258154;4.396296079738827;18.523716218120697;7.538617935170004
-3.0287776959952764;4.3094677140878055;-0.34356792526783964;4.459856713419904;15.647556259212234;7.7665755227813875
9.422750441966766;1.086830085369479;9.002455751756392;1.3154213643491068;4.20164700516461;9.279300403639452
9.002455751756392;1.3154213643491068;8.600661745991696;1.0194104132101847;4.475630077019894;1.104183166023014
8.600661745991696;1.0194104132101847;9.092008144566226;0.7748154746773892;0.5997009575709589;1.6868805703499168
9.092008144566226;0.7748154746773892;9.422750441966766;1.086830085369479;17.892328405090222;0.6542707384788915
13.781874901116904;1.175587970255577;10.389427313114794;4.643486892305681
13.781874901116904;1.175587970255577;9.422750441966766;1.086830085369479;2.7670417026786165;2.5397822132576486
8.600661745991696;1.0194104132101847;4.145174826137468;0.8239614646497448;15.493860763731204;6.3889774510859665
0.07990479662689046;0.6575688057644792;-0.20838807756567754;3.3624142722494397;16.54249726756715;7.224830813475592
3.97004258012186;0.8240749657745784;-1.4781252364605428;0.5901491336051848;6.697605987222357;0.2839437665257827
4.145174826137468;0.8239614646497448;4.0423428009332785;0.8795770191166546;12.56773655523346;6.565555483081039
4.0423428009332785;0.8795770191166546;3.97004258012186;0.8240749657745784;6.726984819504658;3.288937927726577
3.97004258012186;0.8240749657745784;4.062546002352773;0.7652813796268407;17.58382326932561;2.2529177854383
4.062546002352773;0.7652813796268407;4.145174826137468;0.8239614646497448;17.221331354929802;9.846874783543974
-1.4781252364605428;0.5901491336051848;-1.9849077889287878;0.829409518964344;7.654229265950567;1.931797623535747
-1.9849077889287878;0.829409518964344;-2.3106560365402737;0.5066123007678895;0.10196805242760565;0.7036450357449087
-2.3106560365402737;0.5066123007678895;-1.8172666175972667;0.2859661009943638;18.077927310871278;5.520348541973298
-1.8172666175972667;0.2859661009943638;-1.4781252364605428;0.5901491336051848;15.843735411646186;4.086953348976664
-1.9849077889287878;0.829409518964344;-2.824362158034666;3.2441460931565747;16.08206144771574;2.323457524264466
-0.010101600709495418;0.2880091213623385;-0.6095010765405439;-1.481246517577946;11.451067289795503;4.988754016440274
-1.4832327873809836;0.5049097837986096;-0.010101600709495418;0.2880091213623385;18.980143001185507;5.742586157336055
-0.6765802452996312;-2.0226469151799513;2.2675256065434803;-2.3386340654750923;0.0710496938765437;1.7551046729523478
4.0423428009332785;0.8795770191166546;3.6239776299589894;2.465074326047921;18.361905683294438;4.6992179178713975
-1.8172666175972667;0.2859661009943638;-1.1552145171382466;-1.7045032433839378;19.65839837923411;6.4304884831050115
-0.8939349122599347;-2.2125343082928937;-0.6765802452996312;-2.0226469151799513;7.731068371082066;7.930247034334604
-0.6765802452996312;-2.0226469151799513;-0.8425188996578402;-1.7500171971438723;3.9354273665253037;2.731592142392895
-0.8425188996578402;-1.7500171971438723;-1.4486149422517596;-1.8494441884014368;19.93061246190997;4.523987000117842
-1.4486149422517596;-1.8494441884014368;-1.3638295969672005;-2.1678148624551823;16.038511976326934;6.083456924605807
-1.3638295969672005;-2.1678148624551823;-0.8939349122599347;-2.2125343082928937;13.812090160131588;7.673104169240616
-15.933288850061336;4.442718042553883;-12.557311192586807;4.689015498064023;12.733598690964014;7.1377814990150315
-12.557311192586807;4.689015498064023;-11.382460979686499;5.046544062516047;18.31386232250082;6.325482367120914
-11.382460979686499;5.046544062516047;-9.59152662461366;5.93923046232519;8.906827303015357;8.478836118509223
-9.59152662461366;5.93923046232519;-9.306865786631496;6.352034077853494;5.436017958300305;8.519373822726182
-9.306865786631496;6.352034077853494;-9.29846670289481;6.7990015339890055;18.541538728256196;4.799064216944635
-9.29846670289481;6.7990015339890055;-10.993606102920994;9.053474510399894;6.455216726269444;4.827542791710908
4.614388504055409;0.9628868496881534;8.447889222895952;1.128485000651196;16.421329004396696;2.0354130131762718
4.614388504055409;0.9628868496881534;4.098752863324428;-0.6572283023657843;13.092334619610407;4.818193946460305
4.098752863324428;-0.6572283023657843;2.478183706740913;-2.4796024708814755;5.351134726308917;8.030486690351307
-6.4913567168590625;3.2806934575223874;-6.617342972903827;3.6580847199977318;18.492086086609028;9.515585643586055
-6.617342972903827;3.6580847199977318;-6.641972718454941;3.7966696016455104;11.099090218859873;9.848082468141964
-6.524499047277747;4.530000412728433;-6.9951882399067316;4.896836069973274;5.791550909533187;6.952468743487547
-5.999896817152644;3.969758827291127;-6.0425732426238925;4.152609150253088;8.923691329561954;5.769847710832944
-7.3347836255695045;3.5670568124778628;-6.428817593362981;3.631184951815366;13.834250292019961;9.03638477502263
-6.428817593362981;3.631184951815366;-5.999896817152644;3.969758827291127;1.4447172918058726;1.9195286477169682
-6.0425732426238925;4.152609150253088;-6.524499047277747;4.530000412728433;14.43577439689741;2.1929408505593786
-0.7239102171652723;6.022653794037652;-3.735889745688182;5.959093160356575;0.35555700790952605;8.471385455000728
-0.34356792526783964;4.459856713419904;-0.36138760292469735;5.828793861305529;9.914708284249837;3.8838922137857637
-0.36138760292469735;5.828793861305529;-0.7239102171652723;6.022653794037652;2.6597464766389756;7.581305527292297
-0.34356792526783964;4.459856713419904;3.0949488557027705;4.317980298958399;15.642906966215966;7.544639308404949
-4.726641123179264;-2.4567887434350593;-3.9988718675403105;-4.464396758679381;0.2417309443426463;1.7080630584655898
-3.3869872672361216;-6.158514648528131;-3.5943538346183157;-5.6154117339568455;3.3705380273631103;1.741455454508355
-2.813693051666728;-6.516610718636581;0.5681866646494569;-6.49584001155814;13.507022067795138;0.8094525720924184
0.5681866646494569;-6.49584001155814;5.120830553129495;-6.955860097815658;9.43895332949426;5.868806348300647
3.1075474813072974;-6.480403857661399;-2.92208663231791;-5.397489561332554;1.8654497271735182;9.257062035999668
-2.92208663231791;-5.397489561332554;-3.3090119898463235;-5.275702847160167;2.311858046946229;4.691150105500941
-3.3090119898463235;-5.275702847160167;-3.8187455717356484;-4.791620521002415;19.257691555635905;8.251306629596819
-7.6279570484197405;-2.9311099722764653;-7.6656394241019346;-3.1854660081336705;19.012415206842903;7.968960691132532
-7.6656394241019346;-3.1854660081336705;-8.654234280092648;-3.3960106072002207;7.390924362221343;1.573967862538641
-8.654234280092648;-3.3960106072002207;-9.035598082174571;-3.6446915864689657;4.084936951229046;7.682920954153142
-9.035598082174571;-3.6446915864689657;-9.08451706988214;-4.746106567242481;6.516537951101844;9.402413836130746
-9.08451706988214;-4.746106567242481;-9.484268055278354;-4.989339492204691;11.16051638133753;2.684655701632024
-7.740096166412714;-2.6464491342983343;-7.6279570484197405;-2.9311099722764653;6.126827080532829;0.4292814811202006
-11.5062907142314;-2.7845800114145196;-9.063746362804201;-1.4836300413446155;19.42022882003449;6.918996081978511
-9.063746362804201;-1.4836300413446155;-8.837765609844437;-1.5259659634156575;18.963420482114426;5.341023877945847
-8.837765609844437;-1.5259659634156575;-8.477286015972341;-2.038877576990851;12.1734744808894;6.55487290920322
-8.477286015972341;-2.038877576990851;-7.571773988291868;-2.177348957505731;15.943593704701446;3.70780415682322
-7.571773988291868;-2.177348957505731;-7.740096166412714;-2.6464491342983343;11.421682719814807;0.0772707855022281
-7.6656394241019346;-3.1854660081336705;-7.015391441326226;-3.7786229217243683;0.9870908298376335;5.204360658413188
-7.015391441326226;-3.7786229217243683;-7.090302188164062;-3.9747528770821976;16.02983406381353;4.676031642242348
-7.015391441326226;-3.7786229217243683;-6.427115076389165;-3.186033513790097;8.818010643718576;9.848724850353474
-6.427115076389165;-3.186033513790097;-5.556674898364467;-3.2675273262594176;19.839174550184715;1.9408104821256145
-5.556674898364467;-3.2675273262594176;-6.169581008852644;-2.4424876008592364;15.488694028238273;9.609500627594775
-0.8194781699486515;-9.060057576027347;-0.8586360603408817;-8.090644411274159;8.364882541482654;1.0953305131054136
-0.8586360603408817;-8.090644411274159;-1.0339953086192613;-7.891903929891927;4.21724994804713;6.078197670251547
-0.973726207754935;-2.2326240085820106;-0.13971989296466408;-4.585842969461139;12.120432560977479;7.311810767816439
-0.13971989296466408;-4.585842969461139;1.5046845012487502;-4.913407235182868;9.576066622540559;4.860574046212566
6.365937966472742;-5.538003962223474;8.248467734724397;-0.9146488687709192;9.297799628272454;4.027714902629701
2.2675256065434803;-2.3386340654750923;3.8927483095213873;-0.5104713392461071;7.667576949903323;9.279414681444374
3.8927483095213873;-0.5104713392461071;4.132803202796217;0.0707679555354373;6.5137240413390245;3.4714715042877597
4.132803202796217;0.0707679555354373;4.062546002352773;0.7652813796268407;18.309142616116755;3.468599937533834
1.5046845012487502;-4.913407235182868;6.365937966472742;-5.538003962223474;13.966225989325295;8.014169042827305
4.359010958018752;-5.323827326944502;4.437326738803213;-5.053240629276398;16.691028158992015;6.958831183465901
5.469619530449665;-6.272810288017944;5.575516086206321;-5.925156322015163;3.6704996345544916;1.5804182506720599
5.575516086206321;-5.925156322015163;6.200226314377809;-6.016297730667931;15.950340784647237;8.28149478714233
4.359010958018752;-5.323827326944502;4.2907967779442915;-5.496916552590119;17.34841884771946;2.852847923388424
4.2907967779442915;-5.496916552590119;4.943541785614023;-6.183030892943827;2.8846273420129886;7.591501208020056
4.943541785614023;-6.183030892943827;6.443799742731153;-6.43954345029384;2.761851670518909;7.961635614883162
-12.232811457423088;-1.833327027715371;-11.112441787676838;-2.1283164686662737;17.12232275631898;9.308886844595731
-11.112441787676838;-2.1283164686662737;-11.63851953251248;-2.743833105187924;12.82746042739365;3.7111229612914984
-11.63851953251248;-2.743833105187924;-11.691978565483055;-3.047902636665847;10.006780273260372;0.31088241486796453
-9.351017726812781;3.051648174011166;-9.42320444649231;2.9803694633817193;9.996420167443944;3.658280247076362
-9.42320444649231;2.9803694633817193;-11.808884731001806;2.8366770308099714;7.892411523464555;9.609054203498015
-10.836407035694135;-0.8189674148586741;-11.449994152971636;-0.07178946571539227;17.565203853166157;4.325868436632852
-10.349600682382109;-0.8929701526454208;-11.2035831963291;0.04420869074370156;0.6543807202064555;8.88551544032879
-11.449994152971636;-0.07178946571539227;-9.981857016089203;0.45338027006764925;5.245495627546736;7.487992309181339
-9.981857016089203;0.45338027006764925;-9.521836929828154;0.3405601452813186;1.0410401869089125;2.8384882608168747
-9.521836929828154;0.3405601452813186;-9.127079994221498;-0.048294731479650944;3.0116677383281876;2.9276255499344406
-9.127079994221498;-0.048294731479650944;-9.278377002606701;-0.45201825648093474;15.467633815125573;0.15518432409060812
-9.278377002606701;-0.45201825648093474;-10.349600682382109;-0.8929701526454208;16.946560498466262;8.448343879152647
-9.248185701608593;3.013398292668009;-9.140700130010012;2.5051402254932564;15.754570599058548;3.2896861048905213
-9.453622749753695;1.469101896502996;-9.815804860599608;0.4256859939630603;2.074285905292188;1.8596861164600254
14.422815791103323;-2.9485891465411807;10.360723793277103;-1.309405804378081;0.36337066440740307;8.19644780226779
10.360723793277103;-1.309405804378081;8.248467734724397;-0.9146488687709192;7.799545980175056;3.9479710734562854
9.454757761070075;-1.1298470142298458;9.707978785606867;-1.4313060196833671;11.286381091017393;3.1899746459717093
4.845930812462165;0.9726479470044985;5.664160469964057;1.6687503869322835;0.8320217456123191;2.5430986318455284
5.664160469964057;1.6687503869322835;6.890199693203182;1.881451507499707;8.078082742437902;1.2112639167830552
4.946492815034599;0.9769609900062445;6.03576317473014;1.377733485584432;10.761112049125623;5.610215954869505
7.087918664401426;0.9553957750055796;7.07770356256004;1.3515147241913912;17.24368961262719;9.39043440713903
6.203744849456828;0.9158973812166707;6.167197485090511;1.1416511319141656;17.08591498296005;6.703022563910713
6.82391503236531;0.9435916573212597;6.824482538023249;1.1398351138119873;6.754611415673811;3.129055357899153
6.511786920542842;-0.588787120026535;6.3411947197902405;-1.162762342391302;17.608423211696678;2.3875654230781684
1.8163586085451695;-0.08336658114198027;1.8338377828073646;0.017762927092928836;11.591308657020623;4.495020315028438
1.8338377828073646;0.017762927092928836;1.7538194850490882;1.017140390584478;3.6560246048425515;3.496683522929669
4.614388504055409;0.9628868496881534;5.19313077394041;1.5791979941239624;18.63580127427627;8.450452707923581
5.19313077394041;1.5791979941239624;5.872094543003686;1.9033572258990668;3.6483191629261125;8.89832799170727
5.872094543003686;1.9033572258990668;8.818356916346662;2.130018985643618;6.850485872704861;9.917011422533033
4.027928157223549;0.937916600740864;4.614388504055409;0.9628868496881534;11.029769139343175;2.7607484482716727
-1.2531659936847672;0.6575688057644792;-1.6655156046855104;0.9877435975025446;1.4056288036507913;8.548452181014817
-1.6655156046855104;0.9877435975025446;-2.228935221808181;0.9718534390822754;13.680516150389767;8.949558784156338
0.3653601425302687;0.6684649143936775;0.3509454988205395;0.7813985403048417;1.8364282593745807;6.668642641415559
-1.2627000887368278;0.7127303557078606;4.027928157223549;0.937916600740864;6.839837612858202;5.461097016024339
-1.2531659936847672;0.6575688057644792;-1.2308062707649035;0.530901542925854;8.220510270913957;7.062918711029558
0.1254187503873291;0.16020684721086015;-0.24209791364230043;0.21309837452853506;7.911190629648372;0.3091991511562331
1.0677051446973962;0.02445949385327954;0.1254187503873291;0.16020684721086015;8.732174731498555;7.848453397093685
-0.24209791364230043;0.21309837452853506;-1.290507865971795;0.36405487951705995;11.679153735368219;7.569108968675614
-1.2308062707649035;0.530901542925854;-1.290507865971795;0.36405487951705995;16.63494271887103;7.995978524922483
0.36422513121439115;0.12581600434592044;0.3653601425302687;0.6684649143936775;18.228221995326198;1.9843485664094629
-1.9530139709568635;0.12036795003132127;-2.43414526769051;0.5036612713528581;3.454084534888764;0.6183096402521648
-2.43414526769051;0.5036612713528581;-2.228935221808181;0.9718534390822754;18.9253655041055;6.546737885009564
-2.228935221808181;0.9718534390822754;-2.8589800031638903;2.896605628278627;7.2621573456176325;2.0764699535441644
-3.2953918540578093;1.4551412573178033;-2.292041850962201;1.6124538256760488;7.700688472266806;0.23821701171744314
-1.9530139709568635;0.12036795003132127;-1.6022954744001043;-0.860622330140391;10.073137296137258;3.6447547175765105
6.200226314377809;-6.016297730667931;6.491243215728181;-6.341932477146519;18.202203240877562;4.639590060073097
6.637432673192944;-4.193810061011277;5.098130326814969;-3.9822439517647714;2.278726054002711;8.817370961744343
5.799567319928991;-4.572109332541743;5.955517874709091;-4.091205038072885;7.064294805442857;4.317649080084413
4.437326738803213;-5.053240629276398;6.111354928357301;-5.373654323706183;8.809221075631635;1.8333947181013799
4.437326738803213;-5.053240629276398;4.766934024887876;-3.956592696028157;9.014119002318623;6.90610562600824
4.766934024887876;-3.956592696028157;5.098130326814969;-3.9822439517647714;7.485675534397402;4.4711997659411775
5.575516086206321;-5.283874928632065;5.73135313985453;-4.841447517764096;5.9034578747013615;1.9894498135655558
5.478132115317739;-4.6682447909855815;4.835148204962841;-4.559283704677468;14.91026983151551;0.12509245319808793
5.741114237169867;-4.495155565339965;5.478132115317739;-4.6682447909855815;9.281168640234682;3.875103861354309
5.478132115317739;-4.6682447909855815;5.604799378151828;-4.854273145628371;8.64471578537659;2.11496317259713
5.73135313985453;-4.841447517764096;5.799567319928991;-4.572109332541743;0.10879596672372038;1.061570650289616
5.73135313985453;-4.841447517764096;6.1211160256721335;-4.9055756571016;11.886873212485046;7.341785146925632
5.799567319928991;-4.572109332541743;6.257430884690173;-4.642593535248967;11.767678721889077;2.5294194573599937
-3.331939218424126;-6.291197471329717;-3.3869872672361216;-6.158514648528131;16.305561008224426;5.986602976770465
-3.0270751790219643;3.991097040025995;-3.074291649755715;4.2149212714884134;6.949242038851295;4.330539334743754
-2.9149360610289907;3.65956023470928;-3.0270751790219643;3.991097040025995;17.969131449179077;5.175156307352603
-9.351017726812781;3.051648174011166;-7.594020210079841;3.2088472412365134;16.257211154840398;5.63768513177505
-2.486355788213316;2.195395637426873;-1.8815082580666602;2.2257004395558635;3.3362940129291596;2.627981921549045
0.03098580891932329;1.1648053627592767;0.45502603647199213;1.1809225234372778;15.621191335739423;5.6363578834208425
0.45502603647199213;1.1809225234372778;0.37058119458259964;2.1203713894601712;7.22472062163556;9.598015937581474
-0.08830388036256959;2.297092651318209;0.22416473485506463;2.3155933357628795;0.6106442351085284;9.244821197348452
1.599117442716756;2.414452821364017;1.67868173594848;1.777938475506193;13.528196938086017;5.103344656528705
0.3982754706861806;1.8116483115818078;3.365535553369867;1.92707896239254;4.240857114279965;0.17568109389452635
0.3146251367174991;2.3607667861321837;0.37058119458259964;2.1203713894601712;1.7096720212771022;9.43782272056062
0.1391523873077334;-9.04904796626525;-5.0430822780019655;-9.021921195817088;5.167024481124473;5.353824198526329
-5.0430822780019655;-9.021921195817088;-5.121625061049702;-8.027878285515305;2.6186550400765785;3.3434687775040386
-5.121625061049702;-8.027878285515305;-5.725678083275143;-7.617458193745605;4.950090578950119;6.923938407332645
-5.725678083275143;-7.617458193745605;-9.602876737770924;-7.341763945161596;3.2544083609464303;5.623571293944383
-9.602876737770924;-7.341763945161596;-9.729544000605012;-7.239158922223204;19.754840415902798;0.3536679389262265
-9.729544000605012;-7.239158922223204;-9.602876737770924;-5.866816740382889;7.251307909522904;3.5021266556667596
-9.602876737770924;-5.866816740382889;-9.542607636906093;-5.249597586900024;12.46756364989291;3.9803213467135903
-9.542607636906093;-5.249597586900024;-9.476209474936331;-4.135470479387068;14.85339484150767;2.5350029093302187
-9.476209474936331;-4.135470479387068;-9.774490448707512;-3.05947975208437;7.543097185354473;6.80526089739393
-9.774490448707512;-3.05947975208437;-9.62682547653221;-2.960166261959704;9.045802867654547;1.8852832603624103
-9.62682547653221;-2.960166261959704;-15.584386371609275;-3.128828943478741;11.285177234700702;2.1582510844951086
-15.584386371609275;-3.128828943478741;-15.896514483431742;-3.002388682905912;3.245927492774694;7.194430408540199
-15.896514483431742;-3.002388682905912;-16.499999999999748;-3.2390385422326053;11.578449843573637;8.28540594340071
-1.421942176332166;1.7176693746469074;-1.011976089094564;2.264063822031919;2.2919736846120986;7.147636376911283
-5.714214468986493;5.9630656999596265;-6.810521898839064;8.104605050459352;14.363668334099371;3.7485360539211134
-6.810521898839064;8.104605050459352;-7.356121838305381;9.976579213470925;8.218870409329547;4.383798953729504
3.294824348400879;2.4958331327004397;3.4268261644186846;1.3098598089096742;1.439937648779157;9.428097439461277
3.4268261644186846;1.3098598089096742;3.919875079967029;1.3433426427194923;1.6511745329922745;2.389698413918484
4.433921704856084;0.6169354006627171;4.118842563612536;0.6110333418165248;2.6187930522997482;3.9161641183416784
-1.8815082580666602;2.2257004395558635;-0.08830388036256959;2.297092651318209;5.528029503745797;9.871410193730265
-1.8815082580666602;2.2257004395558635;-0.7519449966635156;1.0219074381097524;12.871063849620036;1.9214142796210143
-0.6880438595882804;3.7334494713631283;-2.3983924112454087;3.6029231700543503;15.000887467949171;3.2893196482728992
-2.3983924112454087;3.6029231700543503;-2.505537479448823;3.519499838349953;8.95551632276398;9.393158924006702
-2.505537479448823;3.519499838349953;-0.6545610257744299;3.5708023498151173;10.05880198630581;3.8129195101053073
-0.6545610257744299;3.5708023498151173;-0.6880438595882804;3.7334494713631283;12.351226852721698;6.396103691329627
-4.162199995872102;-7.289212921242616;-3.9770796502783856;-7.981796826098943;2.94764359873694;2.1506883015533185
-3.9770796502783856;-7.981796826098943;-4.021799096118113;-8.29880548657404;14.838204591384535;1.737550979105742
-4.021799096118113;-8.29880548657404;-5.107210417339973;-8.276786267049847;10.51296433988381;3.401987950217932
2.5439008619213506;-8.914549125353421;4.653886897842301;-7.695660473401199;1.3274337631367983;4.467875335742281
-0.6228942100662856;7.481483838130293;-0.43164480336763694;6.202893590967148;2.9603798863762787;9.919786404678849
-0.43164480336763694;6.202893590967148;-0.7239102171652723;6.022653794037652;4.586682004364803;8.386095741806113
-3.3574769730278424;6.78288437330294;-2.2878423090943616;7.700768024325169;16.049608442283812;7.952069275831068
-2.2878423090943616;7.700768024325169;-1.5543979968765245;7.56660968680397;10.020335172646345;8.752450900790317
-1.6420208704502732;6.143305496897186;-0.6484319646700017;6.226728828601583;17.802887124299144;6.283379601097497
-0.6484319646700017;6.226728828601583;-0.7573930509786189;7.394995975869901;14.091683086902261;6.595235379419268
-1.6420208704502732;6.143305496897186;-2.236312795360377;6.611384163493705;14.076847198699515;4.76551308968249
-4.60360589655558;5.936846938566585;-4.688277740707745;6.917269713081871;19.92063891582302;8.240952532353765
-1.6220446712935506;6.002904597139165;-1.6420208704502732;6.143305496897186;0.2981313097728866;2.2209885988441957
-5.464625480659603;4.1139052643864025;-6.06311694743805;5.933555405752859;15.812274447518478;4.345512781055207
-6.06311694743805;5.933555405752859;-5.714214468986493;5.9630656999596265;16.66001001755211;5.532734056824577
-6.06311694743805;5.933555405752859;-7.32400101807018;5.85365060911992;13.193147880975273;3.490012371790062
-5.871300035081966;5.375924346339954;-6.760581400947509;4.6750548588788305;17.995125819377417;0.8354679480322158
-10.088661580898458;-1.8565947596853158;-10.68034297978265;-2.1339915252466692;1.9665270163389992;3.0537897514785275
-10.68034297978265;-2.1339915252466692;-10.641412091653695;-2.3006111863977314;8.62384757607787;6.660419886782377
-8.730620541641024;-1.6795329944366484;-8.463665880183827;-1.660691806593283;16.184832107683885;0.34336165541463126
-8.463665880183827;-1.660691806593283;-8.450499748921363;-1.3578707875611118;11.432607394175804;3.7130815224557914
-8.450499748921363;-1.3578707875611118;-8.078443039628727;-0.8679999036981314;16.283028875468986;2.0575538835587945
-8.078443039628727;-0.8679999036981314;-8.164363396228659;-0.16735741850280392;16.633618327164058;3.1536720966123575
-8.164363396228659;-0.16735741850280392;-7.882086082009133;0.3816475549146737;16.466660027925325;9.93545966077746
-7.882086082009133;0.3816475549146737;-7.596176731579706;0.5511047443478692;4.117773938696471;3.338740521427941
-7.596176731579706;0.5511047443478692;-7.865514916800043;0.7378141057799835;0.6917986145256871;0.5966317536711052
-7.865514916800043;0.7378141057799835;-8.378880534899269;0.6280585115496473;16.002223917910023;4.844206095032034
-8.378880534899269;0.6280585115496473;-8.206245313778693;0.8010342360704301;3.720216989070837;7.081088345198125
-8.206245313778693;0.8010342360704301;-8.546294703968018;0.6835605648917236;11.85953416628196;0.5382188116493114
-8.546294703968018;0.6835605648917236;-8.049386749946496;0.9810470307421938;0.018932774196254165;8.357678433688037
-8.049386749946496;0.9810470307421938;-7.025039037510178;0.8499532237769892;19.99092347769461;2.311512410074262
-7.025039037510178;0.8499532237769892;-6.850587798283895;0.9741234617160466;1.714720884934029;1.283736461081143
-5.304134880617001;-3.450037145822684;-4.98485619750511;-3.5864655059776545;17.257069638585566;6.4911330666150295
-4.98485619750511;-3.5864655059776545;-4.722101077916258;-3.2408545603347836;8.247856423435811;2.750057576345638
-4.722101077916258;-3.2408545603347836;-4.997795326504299;-3.1330284853475887;16.982957474041267;0.9753881622699001
-4.997795326504299;-3.1330284853475887;-5.348740825324839;-3.3263209124071556;3.702136691240412;5.985947961198007
-5.556674898364467;-3.2675273262594176;-5.304134880617001;-3.450037145822684;13.751477081383428;3.9191941616602675
-5.304134880617001;-3.450037145822684;-6.0657274734644675;-4.371779835323131;1.3434269875182792;2.8773352245588457
-6.0657274734644675;-4.371779835323131;-6.7399241950014614;-3.7046201839376214;17.232647860757627;4.384556799630955
-6.7399241950014614;-3.7046201839376214;-7.015391441326226;-3.7786229217243683;5.037378314615751;9.301296054541467
-8.751277747587071;-3.8687428201971805;-9.65463325376768;-3.4671758166887052;2.6090976967601187;3.9378534488779184
-3.5943538346183157;-5.6154117339568455;-4.4495848610120685;-2.4271649480953936;4.785597372531245;3.4648790702530228
-8.223837989172274;3.5565012072392945;-7.3347836255695045;3.5670568124778628;19.1375907674715;9.857141451730275
-7.492096193928254;3.8822494548507804;-7.670860476154266;4.761088716615693;1.8525580298955813;3.99604707865758
-7.1597648806857865;4.145799082359839;-7.563942410213119;4.235805479699754;17.330564844763853;7.390383009928988
-7.926692026716971;4.738388490294111;-7.747927744491462;3.859549228537262;9.464331276942158;8.584697000940126
-8.193873690437442;4.714666753800637;-8.01510940821143;3.8358274920357243;12.300152901291836;4.439077716878126
-7.670860476154266;4.761088716615693;-7.424790022906394;4.78288093387409;12.437432104323051;0.9109223648326259
-7.424790022906394;4.78288093387409;-7.340912686674436;4.370531322869314;11.982560260615195;9.844623540927739
-7.340912686674436;4.370531322869314;-7.586983139922308;4.348625604478019;6.178256450919846;3.8679880619562743
-7.670860476154266;4.761088716615693;-8.473313476367275;4.6892425003298195;1.4888667264707633;6.950565456540047
-8.473313476367275;4.6892425003298195;-8.270486954248591;3.811311247620028;10.113632312972987;0.5554749739078413
-8.270486954248591;3.811311247620028;-7.492096193928254;3.8822494548507804;10.84526183090194;7.550414604607597
-11.830222943737683;1.7897425931905129;-11.302102178533561;1.9551137418958238;16.294350906713156;3.6756133784249934
-7.656786335839199;3.0751429082469075;-8.10931534741616;3.031444972589151;10.138870102794497;1.4099382427333718
-8.10931534741616;3.031444972589151;-8.117600930020958;3.068786844877187;7.024867458202926;0.08897766054629441
-8.117600930020958;3.068786844877187;-7.665071918443996;3.1124847805268785;0.23348731343325158;3.6161369500906004
-7.665071918443996;3.1124847805268785;-7.656786335839199;3.0751429082469075;6.596190730711533;2.1998487425047064
-6.845480247363454;3.775331388910642;-6.72664456260761;3.6438970785467424;17.85117498614306;6.148162941163027
-6.596912769221055;3.2692298432286977;-5.070890055236933;-0.6282855138154438;8.301228866591309;2.7626971865148686
-5.070890055236933;-0.6282855138154438;-4.803367888121798;-1.978948979522195;0.01114745584392951;1.8733559723430238
-6.72664456260761;3.6438970785467424;-6.596912769221055;3.2692298432286977;4.977594912338321;7.80866301882943
-6.828228075364535;3.057323230583497;-6.506792870752779;2.8433735975703223;2.7196560601982522;5.581981689924355
-6.506792870752779;2.8433735975703223;-5.481877652658522;0.23262056915316054;11.516093105242346;4.370206813111586
-5.481877652658522;0.23262056915316054;-4.876576117985818;-2.007551264673841;13.410405538179209;6.321547810153901
-4.589418255109127;-2.6047942190085527;-3.9936508154879795;-4.685950967508028;3.037600223695338;0.3437374998131093
-9.24205664050366;2.4882285568849674;-9.53784058937981;1.6730634299340295;5.410320618531792;8.637351176216622
-11.872785868077042;3.8358274920357243;-11.176683428146736;3.88361146842943;14.581107381663765;0.6698530244739997
-10.873862409112549;6.071345779478414;-10.325878945883595;5.6065586456875565;13.23221654335928;7.8240747452129025
-7.431713591932037;4.301522634873638;-7.374509021619673;3.8987071189274762;2.754472359663993;5.510130733391543
-7.374509021619673;3.8987071189274762;-6.7966747607872735;3.634816988027787;18.589144197697543;1.206398088052839
-7.379730073672004;4.561440226178341;-7.065331939218285;4.5430530428665685;16.129599250301474;2.1813766821318903
-11.693794583588257;2.4634853102034744;-9.803660239521633;2.068841875729211;10.44895665791806;0.8489790045042633
-9.62830099124275;1.7425261224612985;-9.35090422568089;1.687364572517917;1.8643050685278317;7.16678258843525
-9.598223191376531;1.8191393862724465;-9.543402144827308;1.8172098670293053;3.3656717897749022;6.216669964366122
-9.543402144827308;1.8172098670293053;-9.315605373762343;1.7706744030894157;0.07167346074993253;8.715179295586456
-9.35090422568089;1.687364572517917;-9.453622749753695;1.469101896502996;18.970362479172497;2.6056091460806927
-11.557820227964879;1.9778139682093419;-9.53784058937981;1.6730634299340295;18.969107667926153;4.53714178883579
-7.781183576042037;2.650194671635589;-7.470190475534943;2.93179097906579;15.410237960812834;5.4262379398704805
-6.77011549599957;3.31587880830955;-6.41406244625859;3.3551501998326625;19.278065093428662;3.4575319262112183
-6.41406244625859;3.3551501998326625;-3.7211345985837907;3.2451676033365295;13.509628459983372;1.828064335657822
-3.7211345985837907;3.2451676033365295;-2.7465003817762543;3.411219758831165;5.966556869684623;2.2480439191581034
-2.7465003817762543;3.411219758831165;-2.5056509805807137;3.2548151995199763;18.864285413085657;5.233552010420819
-6.7966747607872735;3.634816988027787;-6.667396971926767;3.261511766288392;10.803893859538983;6.763096182750708
-7.836118123722646;2.518533359013958;-7.781183576042037;2.650194671635589;4.158052169403215;4.511062934926193
-5.913295453763387;4.052614653339097;-3.5733561252771016;4.253738658487998;1.3025639358295416;2.874688783239484
-3.3974293713407833;3.2885250355955913;-3.373594133710884;3.2139547921524176;7.758643742198254;7.9285550492107335
-7.594020210079841;3.2088472412365134;-7.396414740012984;2.9557397178331244;19.930890315455027;0.7214354966119441
-7.396414740012984;2.9557397178331244;-6.759900394158184;3.083655493109436;11.777123044712654;5.863860445248706
-6.759900394158184;3.083655493109436;-6.667396971926767;3.261511766288392;4.199546816739184;8.339201926184844
-7.6137694069732875;2.6298779690887404;-6.815856452022781;2.1084537706429534;19.768189203303223;2.4383477042118287
-6.815856452022781;2.1084537706429534;-6.392724233523217;1.4512822188476504;19.74520573331062;5.307521857225663
-6.392724233523217;1.4512822188476504;-5.904669367763927;1.1887541015185465;10.082527123472198;1.9928131373435165
-11.64192456645961;3.301123661202134;-10.48194300179508;3.282282473358769;19.40870504357757;7.624250885441935
-10.48194300179508;3.282282473358769;-6.966472453619163;3.797010105044205;19.21832219652806;9.055834124845338
-10.003762734482514;-5.596457044980582;-3.559281984962539;-5.936279432910158;8.949612732445807;5.310767050790259
-3.559281984962539;-5.936279432910158;1.759835045022634;-6.481311866716521;9.831961346835369;8.784950154492828
1.759835045022634;-6.481311866716521;6.474899052781863;-7.173895771564783;17.270077583432826;8.873537777795748
6.474899052781863;-7.173895771564783;14.276853335901837;-8.688114367866602;0.3522454604497183;4.184364956635608
3.8660755436017937;-0.9239559615637359;3.5727886196201712;-0.808525310753004;11.26077468756659;9.20920134057065
-8.218049431462005;-8.27485674781477;-8.196143713068693;-7.9962114698076645;0.7202050984791764;7.282931293027662
-8.196143713068693;-7.9962114698076645;-7.831237575064978;-7.926862278413294;1.2444726835971065;8.577244564905994
-9.464859361779068;3.5994046349748277;-9.351017726812781;3.051648174011166;4.82811132951489;6.3092714284382865
-10.054043735769234;5.380464391599432;-9.997860675640858;5.333588424260848;14.547491544923343;7.485058033754885
-9.572571935640925;4.1002851285999045;-7.02674155448349;4.337729495848821;19.20467756846591;2.941248075535561
-9.803660239521633;2.068841875729211;-9.61536186224356;1.8400235944757217;13.767841226754802;9.738681411863363
-9.61536186224356;1.8400235944757217;-9.62830099124275;1.7425261224612985;10.600473560088936;0.942704971807552
-9.315605373762343;1.7706744030894157;-9.35090422568089;1.687364572517917;10.236171825578385;0.9290936569616026
-3.9936508154879795;-4.685950967508028;-3.450320898653418;-6.334668404721676;15.959498640681959;5.256874011783208
-9.140700130010012;2.5051402254932564;-9.315605373762343;1.7706744030894157;13.25997536447803;9.157099460817928
-10.324062927778392;3.394648593621571;-11.64192456645961;3.301123661202134;3.410428608123024;2.1120768104558083
-7.823519498118119;2.8835529981485557;-8.448910733079437;3.1299639547915943;13.252852150403038;3.734284398962288
-9.604579254744236;3.390222049486927;-9.669388400872071;3.5683053249236143;8.057403839825481;2.2929030703663167
-9.669388400872071;3.5683053249236143;-10.216350353916534;3.5558202004499693;10.413251412056905;6.048575397814982
-10.216350353916534;3.5558202004499693;-10.251876208098864;3.3246183954378754;6.0488314271824395;0.4357558361803582
-8.0107963652117;1.8517142110271434;-7.530800079794435;2.8830989936250275;15.77062420690294;9.205642794797255
-7.530800079794435;2.8830989936250275;-8.097057225206296;2.9719703796440236;10.301043323579185;3.3514557348125584
-7.656786335839199;3.0751429082469075;-7.420136476512002;2.9020536825932264;10.012686559777881;0.5554273150972278
-7.853937801379503;3.697015608122149;-9.556454774957883;3.446745613008958;17.328845458719854;0.7147576716296422
-4.345390822229231;-2.0064162533609875;-4.857507927881696;-1.877819471287286;16.53085906886081;1.5406218245667491
-10.074814442846668;3.6833954723356515;-10.265155840492715;3.537773520528827;1.5969351664209164;5.195766268262599
-4.588964250582575;-1.9601077916788296;-6.449361298177643;3.182514978710574;13.292335157359929;2.456064991647373
-7.7854966190417665;2.7903685691278137;-7.885945120482814;2.4858450331182977;0.7957569081621463;7.029627069370715
-7.885945120482814;2.4858450331182977;-8.096035715022309;2.517965853357531;19.8495790355577;7.611813226257135
-7.198241764288692;4.038086508497478;-7.449079265062342;3.7751043866448453;9.323654161164542;8.08184903665204
-7.449079265062342;3.7751043866448453;-10.324062927778392;3.394648593621571;11.074968777473694;3.2924325726080417
-6.456738871729335;2.8809424721241546;-6.9378701684629815;3.0057937168525366;11.4324068185819;5.047258115369786
-6.9378701684629815;3.0057937168525366;-6.5821576221166636;3.230525957362012;9.792035247698749;3.5898486076410863
-5.30901542927467;-2.280861989499245;-4.976570614900817;-2.3380665598186656;12.352162092671426;8.44519924565169
-4.97112256058521;-2.0776949639904347;-5.30901542927467;-2.280861989499245;8.049270296943812;2.9566097891111944
-4.262875499576427;-2.2321700040584824;-1.470861164039733;-2.0574917625684197;15.335351196147716;1.827285103140469
-12.391145535965824;6.354871606143692;-11.07214888596873;5.1862639554766785;12.90593075826097;3.3843929830303168
-11.054783212838425;6.564281193897389;-10.551178692054032;6.221621277677614;6.427127625848817;0.6406337805025042
-10.551178692054032;6.221621277677614;-10.298525173174676;5.877031842230828;8.857303001446962;2.655747884110826
-10.298525173174676;5.877031842230828;-10.459810281138493;5.790884483361066;5.442075880428745;2.310905109114192
-10.459810281138493;5.790884483361066;-10.325878945883595;5.6065586456875565;11.001955460261868;7.099997314565361
-10.62098188797042;6.864491686905159;-9.695380160001836;5.874648318464159;2.1550188347964006;1.5773927921868014
-3.8112544970520665;5.954666616221931;-3.9185130663873715;6.8155726991986;14.105206234926161;8.032524359272598
-3.9185130663873715;6.8155726991986;-4.261740488261053;7.109881133360178;7.553009000486024;8.608061127201392
-4.261740488261053;7.109881133360178;-4.241196783446392;7.610875128118153;10.558726691670861;6.3099147046407325
-4.241196783446392;7.610875128118153;-4.667393532498925;8.017663183675431;15.820591362244219;7.035429080959792
-4.667393532498925;8.017663183675431;-4.874419596485953;8.806950052623959;0.48552352775416585;6.867933603590347
-4.874419596485953;8.806950052623959;-5.625570085228757;8.902858508802;10.781519066202529;4.333719254144624
-5.625570085228757;8.902858508802;-6.232120132348725;9.680454761199105;16.032112292658415;4.75202236577136
-6.232120132348725;9.680454761199105;-6.082979645463387;10.123109174332871;2.4696744509611745;8.91273091829667
-6.082979645463387;10.123109174332871;-3.8841222235209196;10.213229072797619;8.612402219056472;7.729260394815283
8.248467734724397;-0.9146488687709192;8.907568805762336;0.779015016546237;8.8805906896687;7.746898240800507
-0.7209591877441923;5.103748632827403;-0.7483129604531107;5.6887334649462025;15.189329134031366;6.487942475897142
-0.7483129604531107;5.6887334649462025;-0.49395692460044194;5.950126570962453;3.3499427407354876;6.8874326450981025
-5.199713839570886;3.5266504096338323;-5.027986627502408;3.536298005817279;7.226698832540219;4.321269668681605
-8.999618223466193;3.3343794927542207;-8.867616407447883;3.3458431070398458;1.6523800729068472;7.598731709954692
-8.961595344389337;3.1997671507094934;-8.804055773767816;3.21213877405024;8.065060005477214;4.739450991579898
-5.240801249199705;3.693837576441321;-5.0537513843693995;3.7067767054384944;5.235214005480298;7.474633530417631
-6.742534721027376;4.290399523986708;-7.210159383103894;5.368092768258686;12.22672498691243;9.165712838828835
-0.7519449966635156;1.0219074381097524;-0.652404504274565;0.9073847963541419;11.33333209725711;8.046082923852321
-0.652404504274565;0.9073847963541419;-0.4927084121531783;0.745532182728354;7.60210075251559;5.3750959905816185
-0.010101600709495418;0.2880091213623385;2.9223136345816907;-0.1293345394254432;12.541470046865658;4.9944026474000065
2.9223136345816907;-0.1293345394254432;3.801947404263786;-0.6413381439455151;19.642354159352053;9.576476461005196
-0.47261871186506954;-1.0626543443444127;2.0400693388736815;-1.4283549902683357;10.119362757899701;0.2505484334662611
3.0270751790224684;-1.5122323264962612;2.056186499556723;-1.3818195263203814;9.680730093164108;2.103245664629524
1.7843512894418587;-2.214804330926665;2.1549324840244584;-1.0784310016317837;5.9482315505883125;9.780514351577374
2.1549324840244584;-1.0784310016317837;3.0605580128363186;-0.8239614646416802;15.720844747273441;1.3398668700209315
3.801947404263786;-0.6413381439455151;4.5177990410880415;-1.035414072763352;4.541137083856883;2.972451508958509
4.5177990410880415;-1.035414072763352;5.47325156666007;-1.2178103912017852;7.498047090245301;8.629820974155235
5.47325156666007;-1.2178103912017852;7.5603103740037225;-0.8414406389063956;9.876951435567214;7.998400264285616
7.5603103740037225;-0.8414406389063956;8.248467734724397;-0.9146488687709192;11.018685719665127;0.17256508785039482
-9.42320444649231;2.9803694633817193;-9.24205664050366;2.4882285568849674;9.541859367748422;9.891265183401654
-9.903087230778189;-2.988655045986516;-5.30901542927467;-2.280861989499245;6.029762264735814;6.674711976637445
-15.844757967434985;-3.1735483893164522;-9.903087230778189;-2.988655045986516;14.010220360484457;2.0510757514375486
-9.53784058937981;1.6730634299340295;-8.12758902959957;1.581241014491937;15.552895952454875;7.5821985900933395
-8.12758902959957;1.581241014491937;-7.461110385009435;2.872770390652256;16.99359104837326;5.593512613069381
-7.461110385009435;2.872770390652256;-6.9378701684629815;3.0057937168525366;19.247886962390353;7.686982227282943
2.2675256065434803;-2.3386340654750923;7.2742875224429095;-3.3383520323572715;9.456850254451663;8.937202979103134
-2.824362158034666;3.2441460931565747;-6.449361298177643;3.182514978710574;14.871240914379351;6.930540858258533
-3.5733561252771016;4.253738658487998;-3.350439902870309;4.2746228666912724;10.132112876116445;1.1252005445587077
-6.449361298177643;3.182514978710574;-6.4913567168590625;3.2806934575223874;3.062066730223496;4.542442599805025
-5.913295453763387;4.052614653339097;-3.5733561252771016;4.253738658487998;4.787790600109019;2.3795521995038884
-0.6095010765405439;-1.481246517577946;-0.9413783852569619;-1.7213014108512636;19.211728561457374;3.7706880219673486
1.2325087877397278;-1.3148538586926803;1.0714506820391874;-2.0085727748618605;8.89320148986676;4.096448383577021
1.0714506820391874;-2.0085727748618605;0.8711211848145264;-2.0114103031520583;16.411584703837;4.907086551121932
0.8711211848145264;-2.0114103031520583;0.7956429323192559;-2.2368235504508585;12.289982548424181;0.7137484954660411
-0.7099495779815916;-1.8689663830260623;-0.6095010765405439;-1.481246517577946;5.484041234972617;4.322016221412863
-1.4672291278293284;-1.8886020787916509;-4.346412332413218;-2.0509086969409673;12.344733194294609;3.0713503261539654
-2.824362158034666;3.2441460931565747;-2.9149360610289907;3.65956023470928;16.743323744510377;5.604063800895862
-3.735889745688182;5.959093160356575;-5.714214468986493;5.9630656999596265;4.528674660891101;5.1674244412853785
14.132706898805553;-9.927319722365672;12.460608228488558;-9.577849738260714;9.697234881186132;0.34441114725114796
12.460608228488558;-9.577849738260714;10.117604369449808;-8.459409587746011;5.805034249651333;1.256650217433578
10.117604369449808;-8.459409587746011;8.359471841401493;-8.141492918215793;17.053492480144513;7.89485673603866
8.359471841401493;-8.141492918215793;6.332001128132842;-8.331834315860329;12.923684989553532;4.579198100960373
6.332001128132842;-8.331834315860329;5.45134584826676;-8.636811856393374;9.987823174962951;2.5818232740931157
5.45134584826676;-8.636811856393374;3.543391826543278;-9.703041486379725;3.7892136119816633;1.3054474588172804
8.767735411665782;1.2623028347737002;7.008694874564364;2.311847798425625;13.770651955689665;0.3740679586050455
7.008694874564364;2.311847798425625;4.985537204295443;2.993195091245994;10.775726123227763;4.653266121034706
4.985537204295443;2.993195091245994;2.9994944040507776;3.307252722306058;7.478730738569876;0.6645798218103005
2.9994944040507776;3.307252722306058;-0.20838807756567754;3.3624142722494397;7.423337758441651;4.532649192724621
-0.20838807756567754;3.3624142722494397;-2.824362158034666;3.2441460931565747;13.55374630022338;1.357300850922657
0.22416473485506463;2.3155933357628795;3.523415627386555;2.4613287887026014;7.771216447949305;0.38118676047993016
0.22416473485506463;2.3155933357628795;3.523415627386555;2.4613287887026014;12.899379118184973;5.578562068969002
3.4104820014723667;1.4738689440282704;3.108001485833346;1.4650158557670467;7.475419896710898;5.506994525311737
3.0608985162309814;1.760345800116644;3.3804042016061486;1.7772574687168683;4.551917185840242;6.235926386083489
2.9595420057373323;2.067025857618968;3.349758896081488;2.0857535443294353;10.794033737115559;3.0043253240247836
2.9386577975280086;2.2311484938785275;3.3338687376612186;2.2460171421107766;16.525761248391756;8.400891847315426
0.8663541372887481;2.1396665818270653;0.37058119458259964;2.1203713894601712;13.679590300063778;1.4682123305081396
3.4268261644186846;1.3098598089096742;3.0208326167861497;1.292494135777857;15.11239929324633;0.9804239542164772
0.4407248938941531;1.3399376087728678;0.8954104269709787;1.357189780771787;4.6018896110376755;5.791300677191349
3.419562091998379;-0.5002562374062336;3.5609845019368596;-0.4382846195615385;9.78344856030002;3.891397077619164
0.8826983002350658;1.973841428598226;0.38544984281837746;1.9544327351064987;4.198394319209802;6.456738248761741
3.523415627386555;2.4613287887026014;3.6239776299589894;2.465074326047921;7.8680398576745265;9.735276306214582
0.412122608737971;1.657513774912455;0.8947294201816538;1.675787457091329;3.4845947039087966;2.474527498759814
8.818356916346662;2.130018985643618;9.982765025142811;2.0175393642559825;14.245232188645913;3.5217799429941996
9.982765025142811;2.0175393642559825;12.113748770404976;2.199368177037989;8.289984335435989;2.9730002379026677
12.113748770404976;2.199368177037989;13.304829645120215;2.4925415998867133;17.28285611586106;9.807329928299717
13.304829645120215;2.4925415998867133;13.412882722376734;3.120089356342351;17.83122120217056;1.5456645019436122
13.412882722376734;3.120089356342351;13.255343151754708;3.515754301004634;11.723529866368988;4.27577050229484
13.255343151754708;3.515754301004634;12.9509331168791;3.74411857772653;19.801184298503472;0.4848846424052622
12.9509331168791;3.74411857772653;12.433367956911026;3.802231157093008;17.487905701051435;1.9358946153532763
12.433367956911026;3.802231157093008;11.74225956677028;4.341134529795445;9.930535848822597;1.2315791882664728
2.288977320410743;1.8873535663458993;2.2414203462818256;2.4453251291494342;9.556336771263673;7.734058289731686
2.9784966947100675;1.9119833118944938;2.9118715304770286;2.477445949388667;13.03171803073823;8.20543753944359
5.8708460305564225;-0.35633680256868955;5.824197065480106;-0.5416841504302189;12.97559153305306;2.6189041345456685
5.824197065480106;-0.5416841504302189;4.019415572355476;-0.2775670172566685;15.396775807245618;2.0443848435689227
-1.290507865971795;0.36405487951705995;-1.9530139709568635;0.12036795003132127;6.011126691811457;0.26921815159193563
0.8434269087109455;2.3828995067892755;0.8968859416815187;1.8310570050815997;11.902467732401036;4.655777815940462
3.5727886196201712;-0.808525310753004;3.614897539433481;-0.6517802480511852;8.926025697390681;6.183199898633368
3.614897539433481;-0.6517802480511852;2.9702111121052703;-0.24374368004815544;9.511542813024123;8.861459697579285
2.9702111121052703;-0.24374368004815544;1.0677051446973962;0.02445949385327954;17.928964112371855;0.15286621915879817
-3.9988718675403105;-4.464396758679381;-3.5943538346183157;-5.6154117339568455;13.182660783403858;4.403215701850885
-4.954891898770278;3.4012316592490235;-4.934688697350783;3.2732023828398136;10.711252078464186;8.129485377013737
-4.934688697350783;3.2732023828398136;-4.688958747497574;3.284665997125438;7.005406918997979;1.9836428338952283
-4.688958747497574;3.284665997125438;-4.706324420627879;3.444248588117455;5.096582974560684;0.34404631763574334
-4.706324420627879;3.444248588117455;-4.954891898770278;3.4012316592490235;10.609247501688884;1.8453810372637702
-4.452649391564535;3.295675606887535;-4.462750992274534;3.343232581015444;1.9445675680327468;9.865544252364343
-3.9040984226776425;3.4576417216381565;-3.870729089995682;3.323029379593429;9.909420360070744;4.740185519366019
-4.793152786280412;3.443113576796537;-4.905178403142;3.90449567664077;1.0522597195340122;8.211857395896207
-3.6709670984289597;3.481817462663223;-3.6235236254319325;3.289887049174241;2.362280678599593;5.563240264225138
-0.2736512282195625;4.3329624483235465;-0.21905718393311174;3.5213158564521314;0.8738830902456263;4.1870302181829055
-2.7465003817762543;3.411219758831165;-2.4762541875033164;3.4681973268767248;8.644092364475233;8.58846402324146
-4.70439490139129;3.426315409329211;-4.443909804433689;3.343232581015444;14.098057026595963;9.2685108295161
-4.404184408383521;3.4057717045085014;-3.4475968714956142;3.504971693508334;11.082749978179358;7.508654706381775
-3.4475968714956142;3.504971693508334;-3.3974293713407833;3.2885250355955913;0.6367386486485072;8.217062539562193
-2.3788702166147346;3.4490156356427293;-2.3383503126438545;3.2627602787341434;12.093603383598596;5.4055256412965855
-5.441925254345077;3.2705918568073473;-5.417182007662576;3.2120252729173413;19.422227816492665;0.20572632126661827
-3.284382244295209;3.2188353408105903;-3.182458228143621;2.915673818387789;8.176019536282872;4.19030541026209
-3.785035735659026;3.193638089605569;-5.16327997633646;3.1268994242436645;1.4653813739004717;6.7886847061208595
-9.867901879991026;4.075087877394884;-11.176683428146736;3.88361146842943;14.353211586020578;8.389033655433135
-11.95972773486096;4.8515491184710715;-11.316176318848123;4.23501097177753;13.733705027203563;5.197142609162655
-11.316176318848123;4.23501097177753;-11.259652755325588;3.972028849924898;7.334047416608238;7.088874542846383
-9.22253444587349;4.916131262340167;-9.60957330453329;4.745993066109582;7.6544978043312035;8.671774187931995
-9.60957330453329;4.745993066109582;-9.622285431269708;4.6892425003298195;0.7647649997258754;6.812661408577131
-9.622285431269708;4.6892425003298195;-9.147737200167546;4.800814112662334;1.6375211331267536;1.2700920979727648
-9.147737200167546;4.800814112662334;-9.22253444587349;4.916131262340167;3.8401515094397176;8.74497556808029
-9.441818632070383;6.0979050442620855;-8.362422870821565;5.347322061180244;18.686224835469343;1.798333250737878
-8.362422870821565;5.347322061180244;-9.125150474984405;4.888209983969782;14.777872740495114;7.423899875623665
-11.388249537396769;3.8690833235878106;-11.395513609817074;3.9031336630621203;12.06824856397172;1.6502364605095032
-10.882374993980621;3.874985382434003;-10.825056922536872;3.5871465127669793;3.9124112664992183;1.3372668238075514
-10.497946661346736;4.348398602220287;-10.464009823006837;4.178373907122601;8.377360371205976;4.06129305616575
-10.664112317967717;4.4129807460813195;-10.853886209955826;4.3465825841100445;17.213932489917386;0.8434545346750266
-7.594020210079841;3.2088472412365134;-6.77011549599957;3.31587880830955;6.198397155672377;0.9674033593086495
-9.079296017829808;4.903873140132319;-8.509293335075652;4.784015945186943;6.641422811304185;1.5260293581555717
-5.116063505602205;3.283076981280992;-5.588001210678454;3.203172184656118;19.18170832711414;4.104578127228988
-11.022208388077177;5.0017111155454375;-10.511907300529913;4.764380249429419;2.3886629764413203;4.47138133996618
-10.511907300529913;4.764380249429419;-10.60656724426069;4.615807268199499;2.413962364579254;9.687546238727228
-11.382460979686499;5.046544062516047;-10.497946661346736;4.348398602220287;5.292143255494359;2.4593059463582767
-12.073682870959136;4.691172019564896;-11.50572320857346;4.260094721857718;8.127230134205064;9.173103240268548
-11.50572320857346;4.260094721857718;-11.395513609817074;3.9031336630621203;12.344733023517584;2.131996661912182
-10.497946661346736;4.348398602220287;-10.438018063876568;4.464737262078076;12.394334174884218;4.721929310099558
-10.438018063876568;4.464737262078076;-11.144108603385487;5.1536891307219825;16.557923660807525;6.663900816875401
-7.210159383103894;5.368092768258686;-7.027990066930753;4.247382595118276;16.97137390683261;7.739156846038423
-9.997860675640858;5.333588424260848;-10.061421309320925;5.011131709463088;8.469976402124013;6.553753490743336
-1.0312712814619616;3.3241643909143472;-0.999263962358651;2.9442761035394347;14.766062209506199;8.15319621377997
-10.205340744154437;5.5063371465158335;-10.068458379478459;5.575005331112815;15.39194807592402;2.341465793633665
-0.999263962358651;2.9442761035394347;-1.6094460456890238;2.849048654150718;19.697969205689567;4.737137804395459
-10.325878945883595;5.6065586456875565;-10.054043735769234;5.380464391599432;6.085925902888745;4.544333030002193
0.0223597229198638;1.247093683142756;-0.562284605806793;1.1688914034952262;10.378628931243789;4.855081036493287
-10.061421309320925;5.011131709463088;-9.867901879991026;4.075087877394884;17.835858482548492;2.5253571574782887
-9.867901879991026;4.075087877394884;-9.572571935640925;4.1002851285999045;5.285728568883721;7.538998503738324
-9.572571935640925;4.1002851285999045;-9.464859361779068;3.5994046349748277;4.412813660656902;6.271971205860742
-2.3276812062759165;7.23064633735261;-2.286026290989159;6.817615719566574;14.676676572452596;2.809236840671543
-2.286026290989159;6.817615719566574;-3.3574769730278424;6.78288437330294;19.62156014859034;6.296942410316887
-2.2494789266228423;6.609227642000897;-2.286026290989159;6.817615719566574;13.725926537998985;7.899266544768081
-3.658595475087709;5.9630656999596265;-3.698320871137878;6.777549820121239;19.745956642592265;1.227632606658896
-3.698320871137878;6.777549820121239;-3.3574769730278424;6.78288437330294;11.82967527002803;1.4868436131974883
-2.9900738101295987;-2.8043292083130065;-2.708477502699398;-3.6490046294707117;11.746731559931165;7.882060967406637
-2.708477502699398;-3.6490046294707117;-0.6105225867250352;-3.34754562401719;18.23005844265032;7.774369516842473
1.457127527120337;1.7684043804556446;1.8006954523881766;1.7831595275630605;13.867310196364533;7.221218657328681
1.8006954523881766;1.7831595275630605;1.7279412270507097;2.436812544286905;15.208432917880216;3.8700039889193394
1.7279412270507097;2.436812544286905;1.389707854966587;2.4231924084923424;1.1442591656618828;2.2493249074833765
1.389707854966587;2.4231924084923424;1.457127527120337;1.7684043804556446;14.18986127792422;3.646692333560032
-3.121508120489466;3.87316936432376;-3.0108445172070324;3.64639410344631;6.8945861144572484;5.743784517997384
-3.153742441856053;3.971688346526203;-3.121508120489466;3.87316936432376;0.8509704224627512;6.088452971927786
-3.2385277871401077;4.188702510095372;-3.153742441856053;3.971688346526203;4.697754102980585;0.004332131948000528
-3.0108445172070324;3.64639410344631;-2.824362158034666;3.2441460931565747;9.223092051181542;7.895563208440974
